Item Id,Item Name,Monster,Components
1310743,Jaggi Helm,Jaggi,
1310744,Jaggi Cap,Jaggi,
1310745,Maccao Helm,Maccao,
1310746,Maccao Cap,Maccao,
1310747,Velociprey Helm,Velociprey,
1310748,Velociprey Cap,Velociprey,
1310749,Giaprey Helm,Giaprey,
1310750,Giaprey Cap,Giaprey,
1310751,Genprey Helm,Genprey,
1310752,Genprey Cap,Genprey,
1310753,Vespoid Helm,Vespoid,
1310754,Vespoid Cap,Vespoid,
1310755,Hornetaur Helm,Hornetaur,
1310756,Hornetaur Cap,Hornetaur,
1310757,Bnahabra Hat,Bnahabra,
1310758,Bnahabra Headpiece,Bnahabra,
1310759,Konchu Helm,Konchu,
1310760,Konchu Cap,Konchu,
1310761,Mosswine Mask,Mosswine,
1310762,Rhenoplos Helm,Rhenoplos,
1310763,Rhenoplos Cap,Rhenoplos,
1310764,Bulldrome Helm,Bulldrome,
1310765,Bulldrome Cap,Bulldrome,
1310766,Bullfango Mask,Bullfango,
1310767,Arzuros Helm,Arzuros,
1310768,Arzuros Cap,Arzuros,
1310769,Cephalos Helm,Cephalos,
1310770,Cephalos Cap,Cephalos,
1310808,Larinoth Mask,Larinoth,
1310809,Gargwa Mask,Gargwa,
1310810,Moofah Head,Moofah,
1310811,Moofah Wig,Moofah,
1310812,False Felyne,Felyne,
1310813,Velociprey Head,Velociprey,
1310814,Velociprey Mask,Velociprey,
1310815,Genprey Head,Genprey,
1310816,Genprey Mask,Genprey,
1310817,Ioprey Head,Ioprey,
1310818,Ioprey Mask,Ioprey,
1310819,Remobra Headgear,Remobra,
1310820,Remobra Mask,Remobra,
1310821,Ioprey Helm,Ioprey,
1310822,Ioprey Cap,Ioprey,
1310825,Lagombi Helm,Lagombi,
1310826,Lagombi Cap,Lagombi,
1310827,Gypceros Helm,Gypceros,
1310828,Gypceros Cap,Gypceros,
1310829,Tetsucabra Helm,Tetsucabra,
1310830,Tetsucabra Cap,Tetsucabra,
1310831,Hermitaur Helm,Hermitaur,
1310832,Hermitaur Cap,Hermitaur,
1310833,Volvidon Helm,Volvidon,
1310834,Volvidon Cap,Volvidon,
1310835,Ludroth Helm,Ludroth,
1310836,Ludroth Cap,Ludroth,
1310837,Malfestio Helm,Malfestio,
1310838,Malfestio Cap,Malfestio,
1310839,Khezu Helm,Khezu,
1310840,Khezu Cap,Khezu,
1310841,Rathian Helm,Rathian,
1310842,Rathian Cap,Rathian,
1310843,Nibelsnarf Helm,Nibelsnarf,
1310844,Nibelsnarf Cap,Nibelsnarf,
1310845,Blango Helm,Blango,
1310846,Blango Cap,Blango,
1310847,Ceanataur Helm,Ceanataur,
1310848,Ceanataur Cap,Ceanataur,
1310849,Najarala Helm,Najarala,
1310850,Najarala Cap,Najarala,
1310851,Nargacuga Helm,Nargacuga,
1310852,Nargacuga Cap,Nargacuga,
1310868,Uragaan Helm,Uragaan,
1310869,Uragaan Cap,Uragaan,
1310870,Rathalos Helm,Rathalos,
1310871,Rathalos Cap,Rathalos,
1310872,Lagiacrus Helm,Lagiacrus,
1310873,Lagiacrus Cap,Lagiacrus,
1310874,Zinogre Helm,Zinogre,
1310875,Zinogre Cap,Zinogre,
1310876,Mizutsune Helm,Mizutsune,
1310877,Mizutsune Mask,Mizutsune,
1310878,Astalos Helm,Astalos,
1310879,Astalos Cap,Astalos,
1310880,Gammoth Helm,Gammoth,
1310881,Gammoth Cap,Gammoth,
1310882,Glavenus Helm,Glavenus,
1310883,Glavenus Cap,Glavenus,
1310888,Tigrex Helm,Tigrex,
1310889,Tigrex Cap,Tigrex,
1310890,Kirin Horn,Kirin,
1310891,Kirin Crest,Kirin,
1310892,Brachydios Helm,Brachydios,
1310893,Brachydios Cap,Brachydios,
1310960,Moofah Head S,Moofah,
1310961,Moofah Wig S,Moofah,
1310962,Slagtoth Hood,Slagtoth,
1310963,Slagtoth Cowl,Slagtoth,
1310964,Larinoth Mask S,Larinoth,
1310965,Gargwa Mask S,Gargwa,
1310966,False Felyne S,Felyne,
1310967,Velociprey Head S,Velociprey,
1310968,Velociprey Mask S,Velociprey,
1310969,Genprey Head S,Genprey,
1310970,Genprey Mask S,Genprey,
1310971,Ioprey Head S,Ioprey,
1310972,Ioprey Mask S,Ioprey,
1310973,Remobra Headgear S,Remobra,
1310974,Remobra Mask S,Remobra,
1310981,Mosswine Mask S,Mosswine,
1310982,Rhenoplos Helm S,Rhenoplos,
1310983,Rhenoplos Cap S,Rhenoplos,
1310984,Jaggi Helm S,Jaggi,
1310985,Jaggi Cap S,Jaggi,
1310990,Maccao Helm S,Maccao,
1310991,Maccao Cap S,Maccao,
1310992,Velociprey Helm S,Velociprey,
1310993,Velociprey Cap S,Velociprey,
1310994,Giaprey Helm S,Giaprey,
1310995,Giaprey Cap S,Giaprey,
1310996,Genprey Helm S,Genprey,
1310997,Genprey Cap S,Genprey,
1310998,EX Genprey Helm,Genprey,
1310999,EX Genprey Cap,Genprey,
1311000,Ioprey Helm S,Ioprey,
1311001,Ioprey Cap S,Ioprey,
1311002,EX Ioprey Helm,Ioprey,
1311003,EX Ioprey Cap,Ioprey,
1311004,Vespoid Helm S,Vespoid,
1311005,Vespoid Cap S,Vespoid,
1311006,EX Vespoid Helm,Vespoid,
1311007,EX Vespoid Cap,Vespoid,
1311008,Hornetaur Helm S,Hornetaur,
1311009,Hornetaur Cap S,Hornetaur,
1311010,EX Hornetaur Helm,Hornetaur,
1311011,EX Hornetaur Cap,Hornetaur,
1311012,Hornetaur Helm R,Hornetaur,
1311013,Hornetaur Cap R,Hornetaur,
1311014,Bnahabra Hat S,Bnahabra,
1311015,Bnahabra Headpiece S,Bnahabra,
1311016,Konchu Helm S,Konchu,
1311017,Konchu Cap S,Konchu,
1311018,Bulldrome Helm S,Bulldrome,
1311019,Bulldrome Cap S,Bulldrome,
1311020,Bullfango Mask S,Bullfango,
1311021,Arzuros Helm S,Arzuros,
1311022,Arzuros Cap S,Arzuros,
1311023,Cephalos Helm S,Cephalos,
1311024,Cephalos Cap S,Cephalos,
1311025,EX Cephalos Helm,Cephalos,
1311026,EX Cephalos Cap,Cephalos,
1311031,Lagombi Helm S,Lagombi,
1311032,Lagombi Cap S,Lagombi,
1311033,Gypceros Helm S,Gypceros,
1311034,Gypceros Cap S,Gypceros,
1311035,Gypceros Helm R,Gypceros,
1311036,Gypceros Cap R,Gypceros,
1311037,Tetsucabra Helm S,Tetsucabra,
1311038,Tetsucabra Cap S,Tetsucabra,
1311039,Hermitaur Helm S,Hermitaur,
1311040,Hermitaur Cap S,Hermitaur,
1311041,EX Hermitaur Helm,Hermitaur,
1311042,EX Hermitaur Cap,Hermitaur,
1311043,Hermitaur Helm R,Hermitaur,
1311044,Hermitaur Cap R,Hermitaur,
1311045,Volvidon Helm S,Volvidon,
1311046,Volvidon Cap S,Volvidon,
1311047,Ludroth Helm S,Ludroth,
1311048,Ludroth Cap S,Ludroth,
1311049,Ludroth Helm R,Ludroth,
1311050,Ludroth Cap R,Ludroth,
1311091,Malfestio Helm S,Malfestio,
1311092,Malfestio Cap S,Malfestio,
1311093,Zamtrios Helm,Zamtrios,
1311094,Zamtrios Cap,Zamtrios,
1311095,Khezu Helm S,Khezu,
1311096,Khezu Cap S,Khezu,
1311097,Khezu Helm R,Khezu,
1311098,Khezu Cap R,Khezu,
1311099,Rathian Helm S,Rathian,
1311100,Rathian Cap S,Rathian,
1311101,EX Rathian Helm,Rathian,
1311102,EX Rathian Cap,Rathian,
1311103,Rathian Helm R,Rathian,
1311104,Rathian Cap R,Rathian,
1311105,Nibelsnarf Helm S,Nibelsnarf,
1311106,Nibelsnarf Cap S,Nibelsnarf,
1311107,Plesioth Helm,Plesioth,
1311108,Plesioth Cap,Plesioth,
1311109,Blango Helm S,Blango,
1311110,Blango Cap S,Blango,
1311111,EX Blango Helm,Blango,
1311112,EX Blango Cap,Blango,
1311113,Lavasioth Helm,Lavasioth,
1311114,Lavasioth Cap,Lavasioth,
1311115,EX Lavasioth Helm,Lavasioth,
1311116,EX Lavasioth Cap,Lavasioth,
1311117,Ceanataur Helm S,Ceanataur,
1311118,Ceanataur Cap S,Ceanataur,
1311119,EX Ceanataur Helm,Ceanataur,
1311120,EX Ceanataur Cap,Ceanataur,
1311121,Ceanataur Helm R,Ceanataur,
1311122,Ceanataur Cap R,Ceanataur,
1311123,Najarala Helm S,Najarala,
1311124,Najarala Cap S,Najarala,
1311125,Nargacuga Helm S,Nargacuga,
1311126,Nargacuga Cap S,Nargacuga,
1311130,Uragaan Helm S,Uragaan,
1311131,Uragaan Cap S,Uragaan,
1311164,Seltas Helm,Seltas,
1311165,Seltas Cap,Seltas,
1311166,Rathalos Helm S,Rathalos,
1311167,Rathalos Cap S,Rathalos,
1311168,EX Rathalos Helm,Rathalos,
1311169,EX Rathalos Cap,Rathalos,
1311170,Rathalos Helm R,Rathalos,
1311171,Rathalos Cap R,Rathalos,
1311172,Lagiacrus Helm S,Lagiacrus,
1311173,Lagiacrus Cap S,Lagiacrus,
1311174,Lagiacrus Helm R,Lagiacrus,
1311175,Lagiacrus Cap R,Lagiacrus,
1311176,Zinogre Helm S,Zinogre,
1311177,Zinogre Cap S,Zinogre,
1311178,EX Zinogre Helm,Zinogre,
1311179,EX Zinogre Cap,Zinogre,
1311180,Mizutsune Helm S,Mizutsune,
1311181,Mizutsune Mask S,Mizutsune,
1311182,Astalos Helm S,Astalos,
1311183,Astalos Cap S,Astalos,
1311184,Gammoth Helm S,Gammoth,
1311185,Gammoth Cap S,Gammoth,
1311186,Glavenus Helm S,Glavenus,
1311187,Glavenus Cap S,Glavenus,
1311188,Agnaktor Helm,Agnaktor,
1311189,Agnaktor Cap,Agnaktor,
1311198,Duramboros Helm,Duramboros,
1311199,Duramboros Cap,Duramboros,
1311200,Tigrex Helm S,Tigrex,
1311201,Tigrex Cap S,Tigrex,
1311202,EX Tigrex Helm,Tigrex,
1311203,EX Tigrex Cap,Tigrex,
1311204,Tigrex Helm R,Tigrex,
1311205,Tigrex Cap R,Tigrex,
1311206,Kirin Horn S,Kirin,
1311207,Kirin Crest S,Kirin,
1311208,Kirin Horn R,Kirin,
1311209,Kirin Crest R,Kirin,
1311210,Brachydios Helm S,Brachydios,
1311211,Brachydios Cap S,Brachydios,
1311212,EX Brachydios Helm,Brachydios,
1311213,EX Brachydios Cap,Brachydios,
1311245,Felyne Hairband,Felyne,
1311262,EX Rathian Helm S,Rathian,
1311263,EX Rathian Cap S,Rathian,
1311264,EX Rathalos Helm S,Rathalos,
1311265,EX Rathalos Cap S,Rathalos,
1311266,EX Tigrex Helm S,Tigrex,
1311267,EX Tigrex Cap S,Tigrex,
1311310,Akantor Mask,Akantor,
1311311,Akantor Fangs,Akantor,
1311312,Akantor Mask R,Akantor,
1311313,Akantor Fangs R,Akantor,
1311314,Ukanlos Mask,Ukanlos,
1311315,Ukanlos Fangs,Ukanlos,
1311438,Conga Helm,Conga,
1311439,Conga Cap,Conga,
1311440,Giaprey Head,Giaprey,
1311441,Giaprey Face,Giaprey,
1311442,Barroth Helm,Barroth,
1311443,Barroth Cap,Barroth,
1311444,Basarios Helm,Basarios,
1311445,Basarios Cap,Basarios,
1311446,Nerscylla Helm,Nerscylla,
1311447,Nerscylla Cap,Nerscylla,
1311448,Barioth Helm,Barioth,
1311449,Barioth Cap,Barioth,
1311450,Gravios Helm,Gravios,
1311451,Gravios Cap,Gravios,
1311456,Jaggi Mask,Jaggi,
1311458,Diablos Helm,Diablos,
1311459,Diablos Cap,Diablos,
1311460,Diablos Helm R,Diablos,
1311461,Diablos Cap R,Diablos,
1311462,Valstrax Helm,Valstrax,
1311463,Valstrax Cap,Valstrax,
1311479,Slagtoth Hood X,Slagtoth,
1311480,Slagtoth Cowl X,Slagtoth,
1311481,Larinoth Mask X,Larinoth,
1311482,Gargwa Mask X,Gargwa,
1311483,Velociprey Head X,Velociprey,
1311484,Velociprey Mask X,Velociprey,
1311485,Genprey Head X,Genprey,
1311486,Genprey Mask X,Genprey,
1311487,Ioprey Head X,Ioprey,
1311488,Ioprey Mask X,Ioprey,
1311489,Remobra Headgear X,Remobra,
1311490,Remobra Mask X,Remobra,
1311493,Mosswine Mask X,Mosswine,
1311494,Rhenoplos Helm X,Rhenoplos,
1311495,Rhenoplos Cap X,Rhenoplos,
1311496,Jaggi Helm X,Jaggi,
1311497,Jaggi Cap X,Jaggi,
1311498,Jaggi Mask X,Jaggi,
1311504,Maccao Helm X,Maccao,
1311505,Maccao Cap X,Maccao,
1311506,Velociprey Helm X,Velociprey,
1311507,Velociprey Cap X,Velociprey,
1311508,Giaprey Helm X,Giaprey,
1311509,Giaprey Cap X,Giaprey,
1311510,Genprey Helm X,Genprey,
1311511,Genprey Cap X,Genprey,
1311512,Ioprey Helm X,Ioprey,
1311513,Ioprey Cap X,Ioprey,
1311514,Vespoid Helm X,Vespoid,
1311515,Vespoid Cap X,Vespoid,
1311516,Hornetaur Helm X,Hornetaur,
1311517,Hornetaur Cap X,Hornetaur,
1311518,Bnahabra Hat X,Bnahabra,
1311519,Bnahabra Headpiece X,Bnahabra,
1311520,Konchu Helm X,Konchu,
1311521,Konchu Cap X,Konchu,
1311522,Bulldrome Helm X,Bulldrome,
1311523,Bulldrome Cap X,Bulldrome,
1311524,Bullfango Mask X,Bullfango,
1311525,Arzuros Helm X,Arzuros,
1311526,Arzuros Cap X,Arzuros,
1311527,Cephalos Helm X,Cephalos,
1311528,Cephalos Cap X,Cephalos,
1311533,Lagombi Helm X,Lagombi,
1311534,Lagombi Cap X,Lagombi,
1311535,Gypceros Helm X,Gypceros,
1311536,Gypceros Cap X,Gypceros,
1311537,Tetsucabra Helm X,Tetsucabra,
1311538,Tetsucabra Cap X,Tetsucabra,
1311539,Hermitaur Helm X,Hermitaur,
1311540,Hermitaur Cap X,Hermitaur,
1311541,Ludroth Helm X,Ludroth,
1311542,Ludroth Cap X,Ludroth,
1311547,Moofah Head X,Moofah,
1311548,Moofah Wig X,Moofah,
1311561,Volvidon Helm X,Volvidon,
1311562,Volvidon Cap X,Volvidon,
1311563,Conga Helm X,Conga,
1311564,Conga Cap X,Conga,
1311565,Barroth Helm X,Barroth,
1311566,Barroth Cap X,Barroth,
1311567,Basarios Helm X,Basarios,
1311568,Basarios Cap X,Basarios,
1311569,Malfestio Helm X,Malfestio,
1311570,Malfestio Cap X,Malfestio,
1311571,Zamtrios Helm X,Zamtrios,
1311572,Zamtrios Cap X,Zamtrios,
1311573,Khezu Helm X,Khezu,
1311574,Khezu Cap X,Khezu,
1311575,Nerscylla Helm X,Nerscylla,
1311576,Nerscylla Cap X,Nerscylla,
1311577,Rathian Helm X,Rathian,
1311578,Rathian Cap X,Rathian,
1311579,Nibelsnarf Helm X,Nibelsnarf,
1311580,Nibelsnarf Cap X,Nibelsnarf,
1311581,Plesioth Helm X,Plesioth,
1311582,Plesioth Cap X,Plesioth,
1311583,Blango Helm X,Blango,
1311584,Blango Cap X,Blango,
1311585,Ceanataur Helm X,Ceanataur,
1311586,Ceanataur Cap X,Ceanataur,
1311587,Najarala Helm X,Najarala,
1311588,Najarala Cap X,Najarala,
1311589,Nargacuga Helm X,Nargacuga,
1311590,Nargacuga Cap X,Nargacuga,
1311591,Gypceros Helm XR,Gypceros,
1311592,Gypceros Cap XR,Gypceros,
1311593,Hermitaur Helm XR,Hermitaur,
1311594,Hermitaur Cap XR,Hermitaur,
1311595,Ludroth Helm XR,Ludroth,
1311596,Ludroth Cap XR,Ludroth,
1311610,Conga Helm GX,Conga,
1311611,Conga Cap GX,Conga,
1311620,Khezu Helm XR,Khezu,
1311621,Khezu Cap XR,Khezu,
1311622,Ceanataur Helm XR,Ceanataur,
1311623,Ceanataur Cap XR,Ceanataur,
1311624,Rathian Helm XR,Rathian,
1311625,Rathian Cap XR,Rathian,
1311630,Uragaan Helm X,Uragaan,
1311631,Uragaan Cap X,Uragaan,
1311632,Barioth Helm X,Barioth,
1311633,Barioth Cap X,Barioth,
1311634,Seltas Helm X,Seltas,
1311635,Seltas Cap X,Seltas,
1311636,Rathalos Helm X,Rathalos,
1311637,Rathalos Cap X,Rathalos,
1311638,Lagiacrus Helm X,Lagiacrus,
1311639,Lagiacrus Cap X,Lagiacrus,
1311640,Zinogre Helm X,Zinogre,
1311641,Zinogre Cap X,Zinogre,
1311642,Gravios Helm X,Gravios,
1311643,Gravios Cap X,Gravios,
1311644,Mizutsune Helm X,Mizutsune,
1311645,Mizutsune Mask X,Mizutsune,
1311646,Astalos Helm X,Astalos,
1311647,Astalos Cap X,Astalos,
1311648,Gammoth Helm X,Gammoth,
1311649,Gammoth Cap X,Gammoth,
1311650,Glavenus Helm X,Glavenus,
1311651,Glavenus Cap X,Glavenus,
1311654,Kirin Horn X,Kirin,
1311655,Kirin Crest X,Kirin,
1311656,Kirin Horn XR,Kirin,
1311657,Kirin Crest XR,Kirin,
1311680,Rathalos Helm XR,Rathalos,
1311681,Rathalos Cap XR,Rathalos,
1311682,Lagiacrus Helm XR,Lagiacrus,
1311683,Lagiacrus Cap XR,Lagiacrus,
1311686,Agnaktor Helm X,Agnaktor,
1311687,Agnaktor Cap X,Agnaktor,
1311690,Duramboros Helm X,Duramboros,
1311691,Duramboros Cap X,Duramboros,
1311692,Tigrex Helm X,Tigrex,
1311693,Tigrex Cap X,Tigrex,
1311694,Tigrex Helm XR,Tigrex,
1311695,Tigrex Cap XR,Tigrex,
1311696,Diablos Helm X,Diablos,
1311697,Diablos Cap X,Diablos,
1311698,Diablos Helm XR,Diablos,
1311699,Diablos Cap XR,Diablos,
1311700,Brachydios Helm X,Brachydios,
1311701,Brachydios Cap X,Brachydios,
1311710,Valstrax Helm X,Valstrax,
1311711,Valstrax Cap X,Valstrax,
1311774,Akantor Mask X,Akantor,
1311775,Akantor Fangs X,Akantor,
1311776,Akantor Mask XR,Akantor,
1311777,Akantor Fangs XR,Akantor,
1311778,Ukanlos Mask X,Ukanlos,
1311779,Ukanlos Fangs X,Ukanlos,
1311794,Fatalis Crimsonhead,Fatalis,
1311795,Fatalis Crimsonface,Fatalis,
1311796,GX Fatalis Crimsonhead,Fatalis,
1311797,GX Fatalis Crimsonface,Fatalis,
1311798,Fatalis Crimsonhead XR,Fatalis,
1311799,Fatalis Crimsonface XR,Fatalis,
1311800,Old Fatalis Head,Fatalis,
1311801,Old Fatalis Face,Fatalis,
1311802,GX Old Fatalis Head,Fatalis,
1311803,GX Old Fatalis Face,Fatalis,
1311842,Genprey Helm GX,Genprey,
1311843,Genprey Cap GX,Genprey,
1311844,Ioprey Helm GX,Ioprey,
1311845,Ioprey Cap GX,Ioprey,
1311846,Vespoid Helm GX,Vespoid,
1311847,Vespoid Cap GX,Vespoid,
1311848,Hornetaur Helm XR,Hornetaur,
1311849,Hornetaur Cap XR,Hornetaur,
1311850,Hornetaur Helm GX,Hornetaur,
1311851,Hornetaur Cap GX,Hornetaur,
1311852,Cephalos Helm GX,Cephalos,
1311853,Cephalos Cap GX,Cephalos,
1311854,Hermitaur Helm GX,Hermitaur,
1311855,Hermitaur Cap GX,Hermitaur,
1311856,Rathian Helm GX,Rathian,
1311857,Rathian Cap GX,Rathian,
1311858,Ceanataur Helm GX,Ceanataur,
1311859,Ceanataur Cap GX,Ceanataur,
1311860,Blango Helm GX,Blango,
1311861,Blango Cap GX,Blango,
1311864,Zinogre Helm GX,Zinogre,
1311865,Zinogre Cap GX,Zinogre,
1311866,Tigrex Helm GX,Tigrex,
1311867,Tigrex Cap GX,Tigrex,
1311868,Brachydios Helm GX,Brachydios,
1311869,Brachydios Cap GX,Brachydios,
1311870,Rathalos Helm GX,Rathalos,
1311871,Rathalos Cap GX,Rathalos,
1311882,Lavasioth Helm GX,Lavasioth,
1311883,Lavasioth Cap GX,Lavasioth,
1311961,Giaprey Head X,Giaprey,
1311962,Giaprey Mask X,Giaprey,
1376279,Jaggi Mail,Jaggi,
1376280,Jaggi Vest,Jaggi,
1376281,Maccao Mail,Maccao,
1376282,Maccao Vest,Maccao,
1376283,Velociprey Mail,Velociprey,
1376284,Velociprey Vest,Velociprey,
1376285,Giaprey Mail,Giaprey,
1376286,Giaprey Vest,Giaprey,
1376287,Genprey Mail,Genprey,
1376288,Genprey Vest,Genprey,
1376289,Vespoid Mail,Vespoid,
1376290,Vespoid Vest,Vespoid,
1376291,Hornetaur Mail,Hornetaur,
1376292,Hornetaur Vest,Hornetaur,
1376293,Bnahabra Suit,Bnahabra,
1376294,Bnahabra Vest,Bnahabra,
1376297,Mosswine Vest,Mosswine,
1376298,Rhenoplos Mail,Rhenoplos,
1376299,Rhenoplos Vest,Rhenoplos,
1376300,Bulldrome Mail,Bulldrome,
1376301,Bulldrome Vest,Bulldrome,
1376303,Arzuros Mail,Arzuros,
1376304,Arzuros Vest,Arzuros,
1376305,Cephalos Mail,Cephalos,
1376306,Cephalos Vest,Cephalos,
1376342,Uroktor Torso,Uroktor,
1376343,Uroktor Vest,Uroktor,
1376346,Moofah Suit,Moofah,
1376347,Moofah Jacket,Moofah,
1376349,Velociprey Body,Velociprey,
1376350,Velociprey Suit,Velociprey,
1376351,Genprey Body,Genprey,
1376352,Genprey Suit,Genprey,
1376353,Ioprey Body,Ioprey,
1376354,Ioprey Wear,Ioprey,
1376355,Remobra Suit,Remobra,
1376356,Remobra Wear,Remobra,
1376357,Ioprey Mail,Ioprey,
1376358,Ioprey Vest,Ioprey,
1376361,Lagombi Mail,Lagombi,
1376362,Lagombi Vest,Lagombi,
1376363,Gypceros Mail,Gypceros,
1376364,Gypceros Vest,Gypceros,
1376365,Tetsucabra Mail,Tetsucabra,
1376366,Tetsucabra Vest,Tetsucabra,
1376367,Hermitaur Mail,Hermitaur,
1376368,Hermitaur Vest,Hermitaur,
1376369,Volvidon Mail,Volvidon,
1376370,Volvidon Vest,Volvidon,
1376371,Ludroth Mail,Ludroth,
1376372,Ludroth Vest,Ludroth,
1376373,Malfestio Mail,Malfestio,
1376374,Malfestio Vest,Malfestio,
1376375,Khezu Mail,Khezu,
1376376,Khezu Vest,Khezu,
1376377,Rathian Mail,Rathian,
1376378,Rathian Vest,Rathian,
1376379,Nibelsnarf Mail,Nibelsnarf,
1376380,Nibelsnarf Vest,Nibelsnarf,
1376381,Blango Mail,Blango,
1376382,Blango Vest,Blango,
1376383,Ceanataur Mail,Ceanataur,
1376384,Ceanataur Vest,Ceanataur,
1376385,Najarala Mail,Najarala,
1376386,Najarala Vest,Najarala,
1376387,Nargacuga Mail,Nargacuga,
1376388,Nargacuga Vest,Nargacuga,
1376404,Uragaan Mail,Uragaan,
1376405,Uragaan Vest,Uragaan,
1376406,Rathalos Mail,Rathalos,
1376407,Rathalos Vest,Rathalos,
1376408,Lagiacrus Mail,Lagiacrus,
1376409,Lagiacrus Vest,Lagiacrus,
1376410,Zinogre Mail,Zinogre,
1376411,Zinogre Vest,Zinogre,
1376412,Mizutsune Mail,Mizutsune,
1376413,Mizutsune Vest,Mizutsune,
1376414,Astalos Mail,Astalos,
1376415,Astalos Vest,Astalos,
1376416,Gammoth Mail,Gammoth,
1376417,Gammoth Vest,Gammoth,
1376418,Glavenus Mail,Glavenus,
1376419,Glavenus Vest,Glavenus,
1376424,Tigrex Mail,Tigrex,
1376425,Tigrex Vest,Tigrex,
1376426,Kirin Jacket,Kirin,
1376427,Kirin Cape,Kirin,
1376428,Brachydios Mail,Brachydios,
1376429,Brachydios Vest,Brachydios,
1376496,Moofah Suit S,Moofah,
1376497,Moofah Jacket S,Moofah,
1376498,Slagtoth Cloak,Slagtoth,
1376499,Slagtoth Wrap,Slagtoth,
1376503,Velociprey Body S,Velociprey,
1376504,Velociprey Suit S,Velociprey,
1376505,Genprey Body S,Genprey,
1376506,Genprey Suit S,Genprey,
1376507,Ioprey Body S,Ioprey,
1376508,Ioprey Wear S,Ioprey,
1376509,Remobra Suit S,Remobra,
1376510,Remobra Wear S,Remobra,
1376517,Mosswine Vest S,Mosswine,
1376518,Rhenoplos Mail S,Rhenoplos,
1376519,Rhenoplos Vest S,Rhenoplos,
1376520,Jaggi Mail S,Jaggi,
1376521,Jaggi Vest S,Jaggi,
1376524,Uroktor Torso S,Uroktor,
1376525,Uroktor Vest S,Uroktor,
1376526,Maccao Mail S,Maccao,
1376527,Maccao Vest S,Maccao,
1376528,Velociprey Mail S,Velociprey,
1376529,Velociprey Vest S,Velociprey,
1376530,Giaprey Mail S,Giaprey,
1376531,Giaprey Vest S,Giaprey,
1376532,Genprey Mail S,Genprey,
1376533,Genprey Vest S,Genprey,
1376534,EX Genprey Mail,Genprey,
1376535,EX Genprey Vest,Genprey,
1376536,Ioprey Mail S,Ioprey,
1376537,Ioprey Vest S,Ioprey,
1376538,EX Ioprey Mail,Ioprey,
1376539,EX Ioprey Vest,Ioprey,
1376540,Vespoid Mail S,Vespoid,
1376541,Vespoid Vest S,Vespoid,
1376542,EX Vespoid Mail,Vespoid,
1376543,EX Vespoid Vest,Vespoid,
1376544,Hornetaur Mail S,Hornetaur,
1376545,Hornetaur Vest S,Hornetaur,
1376546,EX Hornetaur Mail,Hornetaur,
1376547,EX Hornetaur Vest,Hornetaur,
1376548,Hornetaur Mail R,Hornetaur,
1376549,Hornetaur Vest R,Hornetaur,
1376550,Bnahabra Suit S,Bnahabra,
1376551,Bnahabra Vest S,Bnahabra,
1376554,Bulldrome Mail S,Bulldrome,
1376555,Bulldrome Vest S,Bulldrome,
1376557,Arzuros Mail S,Arzuros,
1376558,Arzuros Vest S,Arzuros,
1376559,Cephalos Mail S,Cephalos,
1376560,Cephalos Vest S,Cephalos,
1376561,EX Cephalos Mail,Cephalos,
1376562,EX Cephalos Vest,Cephalos,
1376567,Lagombi Mail S,Lagombi,
1376568,Lagombi Vest S,Lagombi,
1376569,Gypceros Mail S,Gypceros,
1376570,Gypceros Vest S,Gypceros,
1376571,Gypceros Mail R,Gypceros,
1376572,Gypceros Vest R,Gypceros,
1376573,Tetsucabra Mail S,Tetsucabra,
1376574,Tetsucabra Vest S,Tetsucabra,
1376575,Hermitaur Mail S,Hermitaur,
1376576,Hermitaur Vest S,Hermitaur,
1376577,EX Hermitaur Mail,Hermitaur,
1376578,EX Hermitaur Vest,Hermitaur,
1376579,Hermitaur Mail R,Hermitaur,
1376580,Hermitaur Vest R,Hermitaur,
1376581,Volvidon Mail S,Volvidon,
1376582,Volvidon Vest S,Volvidon,
1376583,Ludroth Mail S,Ludroth,
1376584,Ludroth Vest S,Ludroth,
1376585,Ludroth Mail R,Ludroth,
1376586,Ludroth Vest R,Ludroth,
1376627,Malfestio Mail S,Malfestio,
1376628,Malfestio Vest S,Malfestio,
1376629,Zamtrios Mail,Zamtrios,
1376630,Zamtrios Vest,Zamtrios,
1376631,Khezu Mail S,Khezu,
1376632,Khezu Vest S,Khezu,
1376633,Khezu Mail R,Khezu,
1376634,Khezu Vest R,Khezu,
1376635,Rathian Mail S,Rathian,
1376636,Rathian Vest S,Rathian,
1376637,EX Rathian Mail,Rathian,
1376638,EX Rathian Vest,Rathian,
1376639,Rathian Mail R,Rathian,
1376640,Rathian Vest R,Rathian,
1376641,Nibelsnarf Mail S,Nibelsnarf,
1376642,Nibelsnarf Vest S,Nibelsnarf,
1376643,Plesioth Mail,Plesioth,
1376644,Plesioth Vest,Plesioth,
1376645,Blango Mail S,Blango,
1376646,Blango Vest S,Blango,
1376647,EX Blango Mail,Blango,
1376648,EX Blango Vest,Blango,
1376649,Lavasioth Mail,Lavasioth,
1376650,Lavasioth Vest,Lavasioth,
1376651,EX Lavasioth Mail,Lavasioth,
1376652,EX Lavasioth Vest,Lavasioth,
1376653,Ceanataur Mail S,Ceanataur,
1376654,Ceanataur Vest S,Ceanataur,
1376655,EX Ceanataur Mail,Ceanataur,
1376656,EX Ceanataur Vest,Ceanataur,
1376657,Ceanataur Mail R,Ceanataur,
1376658,Ceanataur Vest R,Ceanataur,
1376659,Najarala Mail S,Najarala,
1376660,Najarala Vest S,Najarala,
1376661,Nargacuga Mail S,Nargacuga,
1376662,Nargacuga Vest S,Nargacuga,
1376666,Uragaan Mail S,Uragaan,
1376667,Uragaan Vest S,Uragaan,
1376700,Seltas Mail,Seltas,
1376701,Seltas Vest,Seltas,
1376702,Rathalos Mail S,Rathalos,
1376703,Rathalos Vest S,Rathalos,
1376704,EX Rathalos Mail,Rathalos,
1376705,EX Rathalos Vest,Rathalos,
1376706,Rathalos Mail R,Rathalos,
1376707,Rathalos Vest R,Rathalos,
1376708,Lagiacrus Mail S,Lagiacrus,
1376709,Lagiacrus Vest S,Lagiacrus,
1376710,Lagiacrus Mail R,Lagiacrus,
1376711,Lagiacrus Vest R,Lagiacrus,
1376712,Zinogre Mail S,Zinogre,
1376713,Zinogre Vest S,Zinogre,
1376714,EX Zinogre Mail,Zinogre,
1376715,EX Zinogre Vest,Zinogre,
1376716,Mizutsune Mail S,Mizutsune,
1376717,Mizutsune Vest S,Mizutsune,
1376718,Astalos Mail S,Astalos,
1376719,Astalos Vest S,Astalos,
1376720,Gammoth Mail S,Gammoth,
1376721,Gammoth Vest S,Gammoth,
1376722,Glavenus Mail S,Glavenus,
1376723,Glavenus Vest S,Glavenus,
1376724,Agnaktor Mail,Agnaktor,
1376725,Agnaktor Vest,Agnaktor,
1376734,Duramboros Mail,Duramboros,
1376735,Duramboros Vest,Duramboros,
1376736,Tigrex Mail S,Tigrex,
1376737,Tigrex Vest S,Tigrex,
1376738,EX Tigrex Mail,Tigrex,
1376739,EX Tigrex Vest,Tigrex,
1376740,Tigrex Mail R,Tigrex,
1376741,Tigrex Vest R,Tigrex,
1376742,Kirin Jacket S,Kirin,
1376743,Kirin Cape S,Kirin,
1376744,Kirin Jacket R,Kirin,
1376745,Kirin Cape R,Kirin,
1376746,Brachydios Mail S,Brachydios,
1376747,Brachydios Vest S,Brachydios,
1376748,EX Brachydios Mail,Brachydios,
1376749,EX Brachydios Vest,Brachydios,
1376798,EX Rathian Mail S,Rathian,
1376799,EX Rathian Vest S,Rathian,
1376800,EX Rathalos Mail S,Rathalos,
1376801,EX Rathalos Vest S,Rathalos,
1376802,EX Tigrex Mail S,Tigrex,
1376803,EX Tigrex Vest S,Tigrex,
1376846,Akantor Aegis,Akantor,
1376847,Akantor Plate,Akantor,
1376848,Akantor Aegis R,Akantor,
1376849,Akantor Plate R,Akantor,
1376850,Ukanlos Aegis,Ukanlos,
1376851,Ukanlos Plate,Ukanlos,
1376902,X Gammoth Jacket,Gammoth,
1376903,X Gammoth Jersey,Gammoth,
1376904,X Mizutsune Jacket,Mizutsune,
1376905,X Mizutsune Jersey,Mizutsune,
1376908,X Astalos Jacket,Astalos,
1376909,X Astalos Jersey,Astalos,
1376974,Conga Mail,Conga,
1376975,Conga Vest,Conga,
1376976,Giaprey Body,Giaprey,
1376977,Giaprey Wear,Giaprey,
1376978,Barroth Mail,Barroth,
1376979,Barroth Vest,Barroth,
1376980,Basarios Mail,Basarios,
1376981,Basarios Vest,Basarios,
1376982,Nerscylla Mail,Nerscylla,
1376983,Nerscylla Vest,Nerscylla,
1376984,Barioth Mail,Barioth,
1376985,Barioth Vest,Barioth,
1376986,Gravios Mail,Gravios,
1376987,Gravios Vest,Gravios,
1376994,Diablos Mail,Diablos,
1376995,Diablos Vest,Diablos,
1376996,Diablos Mail R,Diablos,
1376997,Diablos Vest R,Diablos,
1376998,Valstrax Mail,Valstrax,
1376999,Valstrax Vest,Valstrax,
1377015,Slagtoth Cloak X,Slagtoth,
1377016,Slagtoth Wrap X,Slagtoth,
1377019,Velociprey Body X,Velociprey,
1377020,Velociprey Suit X,Velociprey,
1377021,Genprey Body X,Genprey,
1377022,Genprey Suit X,Genprey,
1377023,Ioprey Body X,Ioprey,
1377024,Ioprey Wear X,Ioprey,
1377025,Remobra Suit X,Remobra,
1377026,Remobra Wear X,Remobra,
1377029,Mosswine Vest X,Mosswine,
1377030,Rhenoplos Mail X,Rhenoplos,
1377031,Rhenoplos Vest X,Rhenoplos,
1377032,Jaggi Mail X,Jaggi,
1377033,Jaggi Vest X,Jaggi,
1377038,Uroktor Torso X,Uroktor,
1377039,Uroktor Vest X,Uroktor,
1377040,Maccao Mail X,Maccao,
1377041,Maccao Vest X,Maccao,
1377042,Velociprey Mail X,Velociprey,
1377043,Velociprey Vest X,Velociprey,
1377044,Giaprey Mail X,Giaprey,
1377045,Giaprey Vest X,Giaprey,
1377046,Genprey Mail X,Genprey,
1377047,Genprey Vest X,Genprey,
1377048,Ioprey Mail X,Ioprey,
1377049,Ioprey Vest X,Ioprey,
1377050,Vespoid Mail X,Vespoid,
1377051,Vespoid Vest X,Vespoid,
1377052,Hornetaur Mail X,Hornetaur,
1377053,Hornetaur Vest X,Hornetaur,
1377054,Bnahabra Suit X,Bnahabra,
1377055,Bnahabra Vest X,Bnahabra,
1377058,Bulldrome Mail X,Bulldrome,
1377059,Bulldrome Vest X,Bulldrome,
1377061,Arzuros Mail X,Arzuros,
1377062,Arzuros Vest X,Arzuros,
1377063,Cephalos Mail X,Cephalos,
1377064,Cephalos Vest X,Cephalos,
1377069,Lagombi Mail X,Lagombi,
1377070,Lagombi Vest X,Lagombi,
1377071,Gypceros Mail X,Gypceros,
1377072,Gypceros Vest X,Gypceros,
1377073,Tetsucabra Mail X,Tetsucabra,
1377074,Tetsucabra Vest X,Tetsucabra,
1377075,Hermitaur Mail X,Hermitaur,
1377076,Hermitaur Vest X,Hermitaur,
1377077,Ludroth Mail X,Ludroth,
1377078,Ludroth Vest X,Ludroth,
1377083,Moofah Suit X,Moofah,
1377084,Moofah Jacket X,Moofah,
1377097,Volvidon Mail X,Volvidon,
1377098,Volvidon Vest X,Volvidon,
1377099,Conga Mail X,Conga,
1377100,Conga Vest X,Conga,
1377101,Barroth Mail X,Barroth,
1377102,Barroth Vest X,Barroth,
1377103,Basarios Mail X,Basarios,
1377104,Basarios Vest X,Basarios,
1377105,Malfestio Mail X,Malfestio,
1377106,Malfestio Vest X,Malfestio,
1377107,Zamtrios Mail X,Zamtrios,
1377108,Zamtrios Vest X,Zamtrios,
1377109,Khezu Mail X,Khezu,
1377110,Khezu Vest X,Khezu,
1377111,Nerscylla Mail X,Nerscylla,
1377112,Nerscylla Vest X,Nerscylla,
1377113,Rathian Mail X,Rathian,
1377114,Rathian Vest X,Rathian,
1377115,Nibelsnarf Mail X,Nibelsnarf,
1377116,Nibelsnarf Vest X,Nibelsnarf,
1377117,Plesioth Mail X,Plesioth,
1377118,Plesioth Vest X,Plesioth,
1377119,Blango Mail X,Blango,
1377120,Blango Vest X,Blango,
1377121,Ceanataur Mail X,Ceanataur,
1377122,Ceanataur Vest X,Ceanataur,
1377123,Najarala Mail X,Najarala,
1377124,Najarala Vest X,Najarala,
1377125,Nargacuga Mail X,Nargacuga,
1377126,Nargacuga Vest X,Nargacuga,
1377127,Gypceros Mail XR,Gypceros,
1377128,Gypceros Vest XR,Gypceros,
1377129,Hermitaur Mail XR,Hermitaur,
1377130,Hermitaur Vest XR,Hermitaur,
1377131,Ludroth Mail XR,Ludroth,
1377132,Ludroth Vest XR,Ludroth,
1377146,Conga Mail GX,Conga,
1377147,Conga Vest GX,Conga,
1377156,Khezu Mail XR,Khezu,
1377157,Khezu Vest XR,Khezu,
1377158,Ceanataur Mail XR,Ceanataur,
1377159,Ceanataur Vest XR,Ceanataur,
1377160,Rathian Mail XR,Rathian,
1377161,Rathian Vest XR,Rathian,
1377166,Uragaan Mail X,Uragaan,
1377167,Uragaan Vest X,Uragaan,
1377168,Barioth Mail X,Barioth,
1377169,Barioth Vest X,Barioth,
1377170,Seltas Mail X,Seltas,
1377171,Seltas Vest X,Seltas,
1377172,Rathalos Mail X,Rathalos,
1377173,Rathalos Vest X,Rathalos,
1377174,Lagiacrus Mail X,Lagiacrus,
1377175,Lagiacrus Vest X,Lagiacrus,
1377176,Zinogre Mail X,Zinogre,
1377177,Zinogre Vest X,Zinogre,
1377178,Gravios Mail X,Gravios,
1377179,Gravios Vest X,Gravios,
1377180,Mizutsune Mail X,Mizutsune,
1377181,Mizutsune Vest X,Mizutsune,
1377182,Astalos Mail X,Astalos,
1377183,Astalos Vest X,Astalos,
1377184,Gammoth Mail X,Gammoth,
1377185,Gammoth Vest X,Gammoth,
1377186,Glavenus Mail X,Glavenus,
1377187,Glavenus Vest X,Glavenus,
1377190,Kirin Jacket X,Kirin,
1377191,Kirin Cape X,Kirin,
1377192,Kirin Jacket XR,Kirin,
1377193,Kirin Cape XR,Kirin,
1377216,Rathalos Mail XR,Rathalos,
1377217,Rathalos Vest XR,Rathalos,
1377218,Lagiacrus Mail XR,Lagiacrus,
1377219,Lagiacrus Vest XR,Lagiacrus,
1377222,Agnaktor Mail X,Agnaktor,
1377223,Agnaktor Vest X,Agnaktor,
1377226,Duramboros Mail X,Duramboros,
1377227,Duramboros Vest X,Duramboros,
1377228,Tigrex Mail X,Tigrex,
1377229,Tigrex Vest X,Tigrex,
1377230,Tigrex Mail XR,Tigrex,
1377231,Tigrex Vest XR,Tigrex,
1377232,Diablos Mail X,Diablos,
1377233,Diablos Vest X,Diablos,
1377234,Diablos Mail XR,Diablos,
1377235,Diablos Vest XR,Diablos,
1377236,Brachydios Mail X,Brachydios,
1377237,Brachydios Vest X,Brachydios,
1377246,Valstrax Mail X,Valstrax,
1377247,Valstrax Vest X,Valstrax,
1377310,Akantor Aegis X,Akantor,
1377311,Akantor Plate X,Akantor,
1377312,Akantor Aegis XR,Akantor,
1377313,Akantor Plate XR,Akantor,
1377314,Ukanlos Aegis X,Ukanlos,
1377315,Ukanlos Plate X,Ukanlos,
1377330,Fatalis Crimsonhide,Fatalis,
1377331,Fatalis Crimsonskin,Fatalis,
1377332,GX Fatalis Crimsonhide,Fatalis,
1377333,GX Fatalis Crimsonskin,Fatalis,
1377334,Fatalis Crimsonhide XR,Fatalis,
1377335,Fatalis Crimsonskin XR,Fatalis,
1377336,Old Fatalis Hide,Fatalis,
1377337,Old Fatalis Skin,Fatalis,
1377338,GX Old Fatalis Hide,Fatalis,
1377339,GX Old Fatalis Skin,Fatalis,
1377378,Genprey Mail GX,Genprey,
1377379,Genprey Vest GX,Genprey,
1377380,Ioprey Mail GX,Ioprey,
1377381,Ioprey Vest GX,Ioprey,
1377382,Vespoid Mail GX,Vespoid,
1377383,Vespoid Vest GX,Vespoid,
1377384,Hornetaur Mail XR,Hornetaur,
1377385,Hornetaur Vest XR,Hornetaur,
1377386,Hornetaur Mail GX,Hornetaur,
1377387,Hornetaur Vest GX,Hornetaur,
1377388,Cephalos Mail GX,Cephalos,
1377389,Cephalos Vest GX,Cephalos,
1377390,Hermitaur Mail GX,Hermitaur,
1377391,Hermitaur Vest GX,Hermitaur,
1377392,Rathian Mail GX,Rathian,
1377393,Rathian Vest GX,Rathian,
1377394,Ceanataur Mail GX,Ceanataur,
1377395,Ceanataur Vest GX,Ceanataur,
1377396,Blango Mail GX,Blango,
1377397,Blango Vest GX,Blango,
1377400,Zinogre Mail GX,Zinogre,
1377401,Zinogre Vest GX,Zinogre,
1377402,Tigrex Mail GX,Tigrex,
1377403,Tigrex Vest GX,Tigrex,
1377404,Brachydios Mail GX,Brachydios,
1377405,Brachydios Vest GX,Brachydios,
1377406,Rathalos Mail GX,Rathalos,
1377407,Rathalos Vest GX,Rathalos,
1377418,Lavasioth Mail GX,Lavasioth,
1377419,Lavasioth Vest GX,Lavasioth,
1377497,Giaprey Body X,Giaprey,
1377498,Giaprey Wear X,Giaprey,
1377539,XX Valstrax Jacket,Valstrax,
1377540,XX Valstrax Jersey,Valstrax,
1377541,XX Diablos Jacket,Diablos,
1377542,XX Diablos Jersey,Diablos,
1441811,Maccao Gauntlets,Maccao,
1441812,Maccao Gloves,Maccao,
1441813,Jaggi Gauntlets,Jaggi,
1441814,Jaggi Gloves,Jaggi,
1441815,Jaggi Vambraces,Jaggi,
1441816,Jaggi Guards,Jaggi,
1441817,Maccao Braces,Maccao,
1441818,Maccao Guards,Maccao,
1441819,Velociprey Braces,Velociprey,
1441820,Velociprey Guards,Velociprey,
1441821,Giaprey Vambraces,Giaprey,
1441822,Giaprey Guards,Giaprey,
1441823,Genprey Vambraces,Genprey,
1441824,Genprey Guards,Genprey,
1441825,Vespoid Vambraces,Vespoid,
1441826,Vespoid Guards,Vespoid,
1441827,Hornetaur Braces,Hornetaur,
1441828,Hornetaur Guards,Hornetaur,
1441829,Bnahabra Gloves,Bnahabra,
1441830,Bnahabra Sleeves,Bnahabra,
1441831,Konchu Braces,Konchu,
1441832,Konchu Guards,Konchu,
1441833,Mosswine Gloves,Mosswine,
1441834,Rhenoplos Vambraces,Rhenoplos,
1441835,Rhenoplos Guards,Rhenoplos,
1441836,Bulldrome Braces,Bulldrome,
1441837,Bulldrome Guards,Bulldrome,
1441839,Arzuros Vambraces,Arzuros,
1441840,Arzuros Guards,Arzuros,
1441841,Cephalos Braces,Cephalos,
1441842,Cephalos Guards,Cephalos,
1441882,Moofah Claws,Moofah,
1441883,Moofah Sleeves,Moofah,
1441885,Velociprey Claws,Velociprey,
1441886,Velociprey Gloves,Velociprey,
1441887,Genprey Claws,Genprey,
1441888,Genprey Gloves,Genprey,
1441889,Ioprey Claws,Ioprey,
1441890,Ioprey Gloves,Ioprey,
1441891,Remobra Gloves,Remobra,
1441892,Remobra Hands,Remobra,
1441893,Ioprey Vambraces,Ioprey,
1441894,Ioprey Guards,Ioprey,
1441897,Lagombi Vambraces,Lagombi,
1441898,Lagombi Guards,Lagombi,
1441899,Gypceros Braces,Gypceros,
1441900,Gypceros Guards,Gypceros,
1441901,Tetsucabra Braces,Tetsucabra,
1441902,Tetsucabra Guards,Tetsucabra,
1441903,Hermitaur Braces,Hermitaur,
1441904,Hermitaur Guards,Hermitaur,
1441905,Volvidon Vambraces,Volvidon,
1441906,Volvidon Guards,Volvidon,
1441907,Ludroth Braces,Ludroth,
1441908,Ludroth Guards,Ludroth,
1441909,Malfestio Braces,Malfestio,
1441910,Malfestio Guards,Malfestio,
1441911,Khezu Vambraces,Khezu,
1441912,Khezu Guards,Khezu,
1441913,Rathian Braces,Rathian,
1441914,Rathian Guards,Rathian,
1441915,Nibelsnarf Braces,Nibelsnarf,
1441916,Nibelsnarf Guards,Nibelsnarf,
1441917,Blango Vambraces,Blango,
1441918,Blango Guards,Blango,
1441919,Ceanataur Braces,Ceanataur,
1441920,Ceanataur Guards,Ceanataur,
1441921,Najarala Braces,Najarala,
1441922,Najarala Guards,Najarala,
1441923,Nargacuga Braces,Nargacuga,
1441924,Nargacuga Guards,Nargacuga,
1441940,Uragaan Vambraces,Uragaan,
1441941,Uragaan Guards,Uragaan,
1441942,Rathalos Braces,Rathalos,
1441943,Rathalos Guards,Rathalos,
1441944,Lagiacrus Braces,Lagiacrus,
1441945,Lagiacrus Guards,Lagiacrus,
1441946,Zinogre Braces,Zinogre,
1441947,Zinogre Guards,Zinogre,
1441948,Mizutsune Braces,Mizutsune,
1441949,Mizutsune Guards,Mizutsune,
1441950,Astalos Braces,Astalos,
1441951,Astalos Guards,Astalos,
1441952,Gammoth Braces,Gammoth,
1441953,Gammoth Guards,Gammoth,
1441954,Glavenus Braces,Glavenus,
1441955,Glavenus Guards,Glavenus,
1441960,Tigrex Braces,Tigrex,
1441961,Tigrex Guards,Tigrex,
1441962,Kirin Longarms,Kirin,
1441963,Kirin Gloves,Kirin,
1441964,Brachydios Braces,Brachydios,
1441965,Brachydios Guards,Brachydios,
1442032,Moofah Claws S,Moofah,
1442033,Moofah Sleeves S,Moofah,
1442039,Velociprey Claws S,Velociprey,
1442040,Velociprey Gloves S,Velociprey,
1442041,Genprey Claws S,Genprey,
1442042,Genprey Gloves S,Genprey,
1442043,Ioprey Claws S,Ioprey,
1442044,Ioprey Gloves S,Ioprey,
1442045,Remobra Gloves S,Remobra,
1442046,Remobra Hands S,Remobra,
1442049,Maccao Gauntlets S,Maccao,
1442050,Maccao Gloves S,Maccao,
1442051,Jaggi Gauntlets S,Jaggi,
1442052,Jaggi Gloves S,Jaggi,
1442053,Mosswine Gloves S,Mosswine,
1442054,Rhenoplos Braces S,Rhenoplos,
1442055,Rhenoplos Guards S,Rhenoplos,
1442056,Jaggi Vambraces S,Jaggi,
1442057,Jaggi Guards S,Jaggi,
1442062,Maccao Braces S,Maccao,
1442063,Maccao Guards S,Maccao,
1442064,Velociprey Braces S,Velociprey,
1442065,Velociprey Guards S,Velociprey,
1442066,Giaprey Braces S,Giaprey,
1442067,Giaprey Guards S,Giaprey,
1442068,Genprey Vambraces S,Genprey,
1442069,Genprey Guards S,Genprey,
1442070,EX Genprey Braces,Genprey,
1442071,EX Genprey Guards,Genprey,
1442072,Ioprey Vambraces S,Ioprey,
1442073,Ioprey Guards S,Ioprey,
1442074,EX Ioprey Vambraces,Ioprey,
1442075,EX Ioprey Guards,Ioprey,
1442076,Vespoid Vambraces S,Vespoid,
1442077,Vespoid Guards S,Vespoid,
1442078,EX Vespoid Vambraces,Vespoid,
1442079,EX Vespoid Guards,Vespoid,
1442080,Hornetaur Braces S,Hornetaur,
1442081,Hornetaur Guards S,Hornetaur,
1442082,EX Hornetaur Braces,Hornetaur,
1442083,EX Hornetaur Guards,Hornetaur,
1442084,Hornetaur Braces R,Hornetaur,
1442085,Hornetaur Guards R,Hornetaur,
1442086,Bnahabra Gloves S,Bnahabra,
1442087,Bnahabra Sleeves S,Bnahabra,
1442088,Konchu Braces S,Konchu,
1442089,Konchu Guards S,Konchu,
1442090,Bulldrome Braces S,Bulldrome,
1442091,Bulldrome Guards S,Bulldrome,
1442093,Arzuros Vambraces S,Arzuros,
1442094,Arzuros Guards S,Arzuros,
1442095,Cephalos Vambraces S,Cephalos,
1442096,Cephalos Guards S,Cephalos,
1442097,EX Cephalos Braces,Cephalos,
1442098,EX Cephalos Guards,Cephalos,
1442103,Lagombi Vambraces S,Lagombi,
1442104,Lagombi Guards S,Lagombi,
1442105,Gypceros Braces S,Gypceros,
1442106,Gypceros Guards S,Gypceros,
1442107,Gypceros Braces R,Gypceros,
1442108,Gypceros Guards R,Gypceros,
1442109,Tetsucabra Braces S,Tetsucabra,
1442110,Tetsucabra Guards S,Tetsucabra,
1442111,Hermitaur Braces S,Hermitaur,
1442112,Hermitaur Guards S,Hermitaur,
1442113,EX Hermitaur Braces,Hermitaur,
1442114,EX Hermitaur Guards,Hermitaur,
1442115,Hermitaur Braces R,Hermitaur,
1442116,Hermitaur Guards R,Hermitaur,
1442117,Volvidon Vambraces S,Volvidon,
1442118,Volvidon Guards S,Volvidon,
1442119,Ludroth Braces S,Ludroth,
1442120,Ludroth Guards S,Ludroth,
1442121,Ludroth Braces R,Ludroth,
1442122,Ludroth Guards R,Ludroth,
1442163,Malfestio Braces S,Malfestio,
1442164,Malfestio Guards S,Malfestio,
1442165,Zamtrios Braces,Zamtrios,
1442166,Zamtrios Guards,Zamtrios,
1442167,Khezu Vambraces S,Khezu,
1442168,Khezu Guards S,Khezu,
1442169,Khezu Braces R,Khezu,
1442170,Khezu Guards R,Khezu,
1442171,Rathian Braces S,Rathian,
1442172,Rathian Guards S,Rathian,
1442173,EX Rathian Braces,Rathian,
1442174,EX Rathian Guards,Rathian,
1442175,Rathian Braces R,Rathian,
1442176,Rathian Guards R,Rathian,
1442177,Nibelsnarf Braces S,Nibelsnarf,
1442178,Nibelsnarf Guards S,Nibelsnarf,
1442179,Plesioth Vambraces,Plesioth,
1442180,Plesioth Guards,Plesioth,
1442181,Blango Vambraces S,Blango,
1442182,Blango Guards S,Blango,
1442183,EX Blango Braces,Blango,
1442184,EX Blango Guards,Blango,
1442185,Lavasioth Braces,Lavasioth,
1442186,Lavasioth Guards,Lavasioth,
1442187,EX Lavasioth Braces,Lavasioth,
1442188,EX Lavasioth Guards,Lavasioth,
1442189,Ceanataur Braces S,Ceanataur,
1442190,Ceanataur Guards S,Ceanataur,
1442191,EX Ceanataur Braces,Ceanataur,
1442192,EX Ceanataur Guards,Ceanataur,
1442193,Ceanataur Braces R,Ceanataur,
1442194,Ceanataur Guards R,Ceanataur,
1442195,Najarala Braces S,Najarala,
1442196,Najarala Guards S,Najarala,
1442197,Nargacuga Braces S,Nargacuga,
1442198,Nargacuga Guards S,Nargacuga,
1442202,Uragaan Vambraces S,Uragaan,
1442203,Uragaan Guards S,Uragaan,
1442236,Seltas Vambraces,Seltas,
1442237,Seltas Guards,Seltas,
1442238,Rathalos Braces S,Rathalos,
1442239,Rathalos Guards S,Rathalos,
1442240,EX Rathalos Braces,Rathalos,
1442241,EX Rathalos Guards,Rathalos,
1442242,Rathalos Braces R,Rathalos,
1442243,Rathalos Guards R,Rathalos,
1442244,Lagiacrus Braces S,Lagiacrus,
1442245,Lagiacrus Guards S,Lagiacrus,
1442246,Lagiacrus Braces R,Lagiacrus,
1442247,Lagiacrus Guards R,Lagiacrus,
1442248,Zinogre Braces S,Zinogre,
1442249,Zinogre Guards S,Zinogre,
1442250,EX Zinogre Braces,Zinogre,
1442251,EX Zinogre Guards,Zinogre,
1442252,Mizutsune Braces S,Mizutsune,
1442253,Mizutsune Guards S,Mizutsune,
1442254,Astalos Braces S,Astalos,
1442255,Astalos Guards S,Astalos,
1442256,Gammoth Braces S,Gammoth,
1442257,Gammoth Guards S,Gammoth,
1442258,Glavenus Braces S,Glavenus,
1442259,Glavenus Guards S,Glavenus,
1442260,Agnaktor Vambraces,Agnaktor,
1442261,Agnaktor Guards,Agnaktor,
1442270,Duramboros Braces,Duramboros,
1442271,Duramboros Guards,Duramboros,
1442272,Tigrex Braces S,Tigrex,
1442273,Tigrex Guards S,Tigrex,
1442274,EX Tigrex Braces,Tigrex,
1442275,EX Tigrex Guards,Tigrex,
1442276,Tigrex Braces R,Tigrex,
1442277,Tigrex Guards R,Tigrex,
1442278,Kirin Longarms S,Kirin,
1442279,Kirin Gloves S,Kirin,
1442280,Kirin Longarms R,Kirin,
1442281,Kirin Gloves R,Kirin,
1442282,Brachydios Braces S,Brachydios,
1442283,Brachydios Guards S,Brachydios,
1442284,EX Brachydios Braces,Brachydios,
1442285,EX Brachydios Guards,Brachydios,
1442334,EX Rathian Braces S,Rathian,
1442335,EX Rathian Guards S,Rathian,
1442336,EX Rathalos Braces S,Rathalos,
1442337,EX Rathalos Guards S,Rathalos,
1442338,EX Tigrex Braces S,Tigrex,
1442339,EX Tigrex Guards S,Tigrex,
1442382,Akantor Claws,Akantor,
1442383,Akantor Gauntlets,Akantor,
1442384,Akantor Claws R,Akantor,
1442385,Akantor Gauntlets R,Akantor,
1442386,Ukanlos Claws,Ukanlos,
1442387,Ukanlos Gauntlets,Ukanlos,
1442510,Conga Vambraces,Conga,
1442511,Conga Guards,Conga,
1442512,Giaprey Claws,Giaprey,
1442513,Giaprey Gloves,Giaprey,
1442514,Barroth Vambraces,Barroth,
1442515,Barroth Guards,Barroth,
1442516,Basarios Vambraces,Basarios,
1442517,Basarios Guards,Basarios,
1442518,Nerscylla Vambraces,Nerscylla,
1442519,Nerscylla Guards,Nerscylla,
1442520,Barioth Vambraces,Barioth,
1442521,Barioth Guards,Barioth,
1442522,Gravios Vambraces,Gravios,
1442523,Gravios Guards,Gravios,
1442530,Diablos Vambraces,Diablos,
1442531,Diablos Guards,Diablos,
1442532,Diablos Vambraces R,Diablos,
1442533,Diablos Guards R,Diablos,
1442534,Valstrax Braces,Valstrax,
1442535,Valstrax Guards,Valstrax,
1442555,Velociprey Claws X,Velociprey,
1442556,Velociprey Gloves X,Velociprey,
1442557,Genprey Claws X,Genprey,
1442558,Genprey Gloves X,Genprey,
1442559,Ioprey Claws X,Ioprey,
1442560,Ioprey Gloves X,Ioprey,
1442561,Remobra Gloves X,Remobra,
1442562,Remobra Hands X,Remobra,
1442565,Mosswine Gloves X,Mosswine,
1442566,Rhenoplos Braces X,Rhenoplos,
1442567,Rhenoplos Guards X,Rhenoplos,
1442568,Jaggi Vambraces X,Jaggi,
1442569,Jaggi Guards X,Jaggi,
1442576,Maccao Braces X,Maccao,
1442577,Maccao Guards X,Maccao,
1442578,Velociprey Braces X,Velociprey,
1442579,Velociprey Guards X,Velociprey,
1442580,Giaprey Braces X,Giaprey,
1442581,Giaprey Guards X,Giaprey,
1442582,Genprey Vambraces X,Genprey,
1442583,Genprey Guards X,Genprey,
1442584,Ioprey Vambraces X,Ioprey,
1442585,Ioprey Guards X,Ioprey,
1442586,Vespoid Vambraces X,Vespoid,
1442587,Vespoid Guards X,Vespoid,
1442588,Hornetaur Braces X,Hornetaur,
1442589,Hornetaur Guards X,Hornetaur,
1442590,Bnahabra Gloves X,Bnahabra,
1442591,Bnahabra Sleeves X,Bnahabra,
1442592,Konchu Vambraces X,Konchu,
1442593,Konchu Guards X,Konchu,
1442594,Bulldrome Braces X,Bulldrome,
1442595,Bulldrome Guards X,Bulldrome,
1442597,Arzuros Vambraces X,Arzuros,
1442598,Arzuros Guards X,Arzuros,
1442599,Cephalos Vambraces X,Cephalos,
1442600,Cephalos Guards X,Cephalos,
1442605,Lagombi Vambraces X,Lagombi,
1442606,Lagombi Guards X,Lagombi,
1442607,Gypceros Vambraces X,Gypceros,
1442608,Gypceros Guards X,Gypceros,
1442609,Tetsucabra Braces X,Tetsucabra,
1442610,Tetsucabra Guards X,Tetsucabra,
1442611,Hermitaur Braces X,Hermitaur,
1442612,Hermitaur Guards X,Hermitaur,
1442613,Ludroth Vambraces X,Ludroth,
1442614,Ludroth Guards X,Ludroth,
1442619,Moofah Claws X,Moofah,
1442620,Moofah Sleeves X,Moofah,
1442633,Volvidon Vambraces X,Volvidon,
1442634,Volvidon Guards X,Volvidon,
1442635,Conga Vambraces X,Conga,
1442636,Conga Guards X,Conga,
1442637,Barroth Vambraces X,Barroth,
1442638,Barroth Guards X,Barroth,
1442639,Basarios Vambraces X,Basarios,
1442640,Basarios Guards X,Basarios,
1442641,Malfestio Braces X,Malfestio,
1442642,Malfestio Guards X,Malfestio,
1442643,Zamtrios Braces X,Zamtrios,
1442644,Zamtrios Guards X,Zamtrios,
1442645,Khezu Vambraces X,Khezu,
1442646,Khezu Guards X,Khezu,
1442647,Nerscylla Braces X,Nerscylla,
1442648,Nerscylla Guards X,Nerscylla,
1442649,Rathian Vambraces X,Rathian,
1442650,Rathian Guards X,Rathian,
1442651,Nibelsnarf Braces X,Nibelsnarf,
1442652,Nibelsnarf Guards X,Nibelsnarf,
1442653,Plesioth Vambraces X,Plesioth,
1442654,Plesioth Guards X,Plesioth,
1442655,Blango Vambraces X,Blango,
1442656,Blango Guards X,Blango,
1442657,Ceanataur Braces X,Ceanataur,
1442658,Ceanataur Guards X,Ceanataur,
1442659,Najarala Braces X,Najarala,
1442660,Najarala Guards X,Najarala,
1442661,Nargacuga Braces X,Nargacuga,
1442662,Nargacuga Guards X,Nargacuga,
1442663,Gypceros Braces XR,Gypceros,
1442664,Gypceros Guards XR,Gypceros,
1442665,Hermitaur Braces XR,Hermitaur,
1442666,Hermitaur Guards XR,Hermitaur,
1442667,Ludroth Braces XR,Ludroth,
1442668,Ludroth Guards XR,Ludroth,
1442682,Conga Vambraces GX,Conga,
1442683,Conga Guards GX,Conga,
1442692,Khezu Vambraces XR,Khezu,
1442693,Khezu Guards XR,Khezu,
1442694,Ceanataur Braces XR,Ceanataur,
1442695,Ceanataur Guards XR,Ceanataur,
1442696,Rathian Braces XR,Rathian,
1442697,Rathian Guards XR,Rathian,
1442702,Uragaan Vambraces X,Uragaan,
1442703,Uragaan Guards X,Uragaan,
1442704,Barioth Vambraces X,Barioth,
1442705,Barioth Guards X,Barioth,
1442706,Seltas Vambraces X,Seltas,
1442707,Seltas Guards X,Seltas,
1442708,Rathalos Vambraces X,Rathalos,
1442709,Rathalos Guards X,Rathalos,
1442710,Lagiacrus Braces X,Lagiacrus,
1442711,Lagiacrus Guards X,Lagiacrus,
1442712,Zinogre Vambraces X,Zinogre,
1442713,Zinogre Guards X,Zinogre,
1442714,Gravios Vambraces X,Gravios,
1442715,Gravios Guards X,Gravios,
1442716,Mizutsune Braces X,Mizutsune,
1442717,Mizutsune Guards X,Mizutsune,
1442718,Astalos Braces X,Astalos,
1442719,Astalos Guards X,Astalos,
1442720,Gammoth Braces X,Gammoth,
1442721,Gammoth Guards X,Gammoth,
1442722,Glavenus Braces X,Glavenus,
1442723,Glavenus Guards X,Glavenus,
1442726,Kirin Longarms X,Kirin,
1442727,Kirin Gloves X,Kirin,
1442728,Kirin Longarms XR,Kirin,
1442729,Kirin Gloves XR,Kirin,
1442752,Rathalos Braces XR,Rathalos,
1442753,Rathalos Guards XR,Rathalos,
1442754,Lagiacrus Braces XR,Lagiacrus,
1442755,Lagiacrus Guards XR,Lagiacrus,
1442758,Agnaktor Vambraces X,Agnaktor,
1442759,Agnaktor Guards X,Agnaktor,
1442762,Duramboros Braces X,Duramboros,
1442763,Duramboros Guards X,Duramboros,
1442764,Tigrex Vambraces X,Tigrex,
1442765,Tigrex Guards X,Tigrex,
1442766,Tigrex Braces XR,Tigrex,
1442767,Tigrex Guards XR,Tigrex,
1442768,Diablos Vambraces X,Diablos,
1442769,Diablos Guards X,Diablos,
1442770,Diablos Vambraces XR,Diablos,
1442771,Diablos Guards XR,Diablos,
1442772,Brachydios Braces X,Brachydios,
1442773,Brachydios Guards X,Brachydios,
1442782,Valstrax Braces X,Valstrax,
1442783,Valstrax Guards X,Valstrax,
1442846,Akantor Claws X,Akantor,
1442847,Akantor Gauntlets X,Akantor,
1442848,Akantor Claws XR,Akantor,
1442849,Akantor Gauntlets XR,Akantor,
1442850,Ukanlos Claws X,Ukanlos,
1442851,Ukanlos Gauntlets X,Ukanlos,
1442866,Fatalis Crimsonclaws,Fatalis,
1442867,Fatalis Crimsonfists,Fatalis,
1442868,GX Fatalis Crimsonclaws,Fatalis,
1442869,GX Fatalis Crimsonfists,Fatalis,
1442870,Fatalis Crimsonclaws XR,Fatalis,
1442871,Fatalis Crimsonfists XR,Fatalis,
1442872,Old Fatalis Claw,Fatalis,
1442873,Old Fatalis Fist,Fatalis,
1442874,GX Old Fatalis Claw,Fatalis,
1442875,GX Old Fatalis Fist,Fatalis,
1442914,Genprey Vambraces GX,Genprey,
1442915,Genprey Guards GX,Genprey,
1442916,Ioprey Vambraces GX,Ioprey,
1442917,Ioprey Guards GX,Ioprey,
1442918,Vespoid Vambraces GX,Vespoid,
1442919,Vespoid Guards GX,Vespoid,
1442920,Hornetaur Braces XR,Hornetaur,
1442921,Hornetaur Guards XR,Hornetaur,
1442922,Hornetaur Braces GX,Hornetaur,
1442923,Hornetaur Guards GX,Hornetaur,
1442924,Cephalos Braces GX,Cephalos,
1442925,Cephalos Guards GX,Cephalos,
1442926,Hermitaur Braces GX,Hermitaur,
1442927,Hermitaur Guards GX,Hermitaur,
1442928,Rathian Braces GX,Rathian,
1442929,Rathian Guards GX,Rathian,
1442930,Ceanataur Braces GX,Ceanataur,
1442931,Ceanataur Guards GX,Ceanataur,
1442932,Blango Vambraces GX,Blango,
1442933,Blango Guards GX,Blango,
1442936,Zinogre Braces GX,Zinogre,
1442937,Zinogre Guards GX,Zinogre,
1442938,Tigrex Braces GX,Tigrex,
1442939,Tigrex Guards GX,Tigrex,
1442940,Brachydios Braces GX,Brachydios,
1442941,Brachydios Guards GX,Brachydios,
1442942,Rathalos Braces GX,Rathalos,
1442943,Rathalos Guards GX,Rathalos,
1442954,Lavasioth Braces GX,Lavasioth,
1442955,Lavasioth Guards GX,Lavasioth,
1443033,Giaprey Claws X,Giaprey,
1443034,Giaprey Gloves X,Giaprey,
1443039,Maccao Gauntlets X,Maccao,
1443040,Maccao Gloves X,Maccao,
1443041,Jaggi Gauntlets X,Jaggi,
1443042,Jaggi Gloves X,Jaggi,
1507351,Jaggi Faulds,Jaggi,
1507352,Jaggi Coat,Jaggi,
1507353,Maccao Faulds,Maccao,
1507354,Maccao Coat,Maccao,
1507355,Velociprey Tassets,Velociprey,
1507356,Velociprey Coat,Velociprey,
1507357,Giaprey Tassets,Giaprey,
1507358,Giaprey Coat,Giaprey,
1507359,Genprey Tassets,Genprey,
1507360,Genprey Coat,Genprey,
1507361,Vespoid Tassets,Vespoid,
1507362,Vespoid Coat,Vespoid,
1507363,Hornetaur Tassets,Hornetaur,
1507364,Hornetaur Coat,Hornetaur,
1507365,Bnahabra Coil,Bnahabra,
1507366,Bnahabra Coat,Bnahabra,
1507369,Mosswine Hip,Mosswine,
1507370,Rhenoplos Coil,Rhenoplos,
1507371,Rhenoplos Coat,Rhenoplos,
1507372,Bulldrome Faulds,Bulldrome,
1507373,Bulldrome Coat,Bulldrome,
1507375,Arzuros Faulds,Arzuros,
1507376,Arzuros Coat,Arzuros,
1507377,Cephalos Tassets,Cephalos,
1507378,Cephalos Coat,Cephalos,
1507414,Uroktor Tassets,Uroktor,
1507415,Uroktor Coat,Uroktor,
1507418,Moofah Coil,Moofah,
1507419,Moofah Coat,Moofah,
1507427,Remobra Belt,Remobra,
1507428,Remobra Band,Remobra,
1507429,Ioprey Tassets,Ioprey,
1507430,Ioprey Coat,Ioprey,
1507433,Lagombi Faulds,Lagombi,
1507434,Lagombi Coat,Lagombi,
1507435,Gypceros Tassets,Gypceros,
1507436,Gypceros Coat,Gypceros,
1507437,Tetsucabra Faulds,Tetsucabra,
1507438,Tetsucabra Coat,Tetsucabra,
1507439,Hermitaur Tassets,Hermitaur,
1507440,Hermitaur Coat,Hermitaur,
1507441,Volvidon Faulds,Volvidon,
1507442,Volvidon Coat,Volvidon,
1507443,Ludroth Faulds,Ludroth,
1507444,Ludroth Coat,Ludroth,
1507445,Malfestio Faulds,Malfestio,
1507446,Malfestio Coat,Malfestio,
1507447,Khezu Tassets,Khezu,
1507448,Khezu Coat,Khezu,
1507449,Rathian Faulds,Rathian,
1507450,Rathian Coat,Rathian,
1507451,Nibelsnarf Faulds,Nibelsnarf,
1507452,Nibelsnarf Coat,Nibelsnarf,
1507453,Blango Tassets,Blango,
1507454,Blango Coat,Blango,
1507455,Ceanataur Tassets,Ceanataur,
1507456,Ceanataur Coat,Ceanataur,
1507457,Najarala Faulds,Najarala,
1507458,Najarala Coat,Najarala,
1507459,Nargacuga Faulds,Nargacuga,
1507460,Nargacuga Coat,Nargacuga,
1507476,Uragaan Faulds,Uragaan,
1507477,Uragaan Coat,Uragaan,
1507478,Rathalos Faulds,Rathalos,
1507479,Rathalos Coat,Rathalos,
1507480,Lagiacrus Faulds,Lagiacrus,
1507481,Lagiacrus Coat,Lagiacrus,
1507482,Zinogre Faulds,Zinogre,
1507483,Zinogre Coat,Zinogre,
1507484,Mizutsune Faulds,Mizutsune,
1507485,Mizutsune Coat,Mizutsune,
1507486,Astalos Faulds,Astalos,
1507487,Astalos Coat,Astalos,
1507488,Gammoth Faulds,Gammoth,
1507489,Gammoth Coat,Gammoth,
1507490,Glavenus Faulds,Glavenus,
1507491,Glavenus Coat,Glavenus,
1507496,Tigrex Tassets,Tigrex,
1507497,Tigrex Coat,Tigrex,
1507498,Kirin Hoop,Kirin,
1507499,Kirin Shorts,Kirin,
1507500,Brachydios Faulds,Brachydios,
1507501,Brachydios Coat,Brachydios,
1507568,Moofah Coil S,Moofah,
1507569,Moofah Coat S,Moofah,
1507581,Remobra Belt S,Remobra,
1507582,Remobra Band S,Remobra,
1507589,Mosswine Hip S,Mosswine,
1507590,Rhenoplos Coil S,Rhenoplos,
1507591,Rhenoplos Coat S,Rhenoplos,
1507592,Jaggi Faulds S,Jaggi,
1507593,Jaggi Coat S,Jaggi,
1507596,Uroktor Tassets S,Uroktor,
1507597,Uroktor Coat S,Uroktor,
1507598,Maccao Faulds S,Maccao,
1507599,Maccao Coat S,Maccao,
1507600,Velociprey Tassets S,Velociprey,
1507601,Velociprey Coat S,Velociprey,
1507602,Giaprey Faulds S,Giaprey,
1507603,Giaprey Coat S,Giaprey,
1507604,Genprey Tassets S,Genprey,
1507605,Genprey Coat S,Genprey,
1507606,EX Genprey Tassets,Genprey,
1507607,EX Genprey Coat,Genprey,
1507608,Ioprey Tassets S,Ioprey,
1507609,Ioprey Coat S,Ioprey,
1507610,EX Ioprey Tassets,Ioprey,
1507611,EX Ioprey Coat,Ioprey,
1507612,Vespoid Tassets S,Vespoid,
1507613,Vespoid Coat S,Vespoid,
1507614,EX Vespoid Tassets,Vespoid,
1507615,EX Vespoid Coat,Vespoid,
1507616,Hornetaur Tassets S,Hornetaur,
1507617,Hornetaur Coat S,Hornetaur,
1507618,EX Hornetaur Tassets,Hornetaur,
1507619,EX Hornetaur Coat,Hornetaur,
1507620,Hornetaur Tassets R,Hornetaur,
1507621,Hornetaur Coat R,Hornetaur,
1507622,Bnahabra Coil S,Bnahabra,
1507623,Bnahabra Coat S,Bnahabra,
1507626,Bulldrome Faulds S,Bulldrome,
1507627,Bulldrome Coat S,Bulldrome,
1507629,Arzuros Faulds S,Arzuros,
1507630,Arzuros Coat S,Arzuros,
1507631,Cephalos Tassets S,Cephalos,
1507632,Cephalos Coat S,Cephalos,
1507633,EX Cephalos Tassets,Cephalos,
1507634,EX Cephalos Coat,Cephalos,
1507639,Lagombi Faulds S,Lagombi,
1507640,Lagombi Coat S,Lagombi,
1507641,Gypceros Tassets S,Gypceros,
1507642,Gypceros Coat S,Gypceros,
1507643,Gypceros Tassets R,Gypceros,
1507644,Gypceros Coat R,Gypceros,
1507645,Tetsucabra Faulds S,Tetsucabra,
1507646,Tetsucabra Coat S,Tetsucabra,
1507647,Hermitaur Tassets S,Hermitaur,
1507648,Hermitaur Coat S,Hermitaur,
1507649,EX Hermitaur Tassets,Hermitaur,
1507650,EX Hermitaur Coat,Hermitaur,
1507651,Hermitaur Tassets R,Hermitaur,
1507652,Hermitaur Coat R,Hermitaur,
1507653,Volvidon Faulds S,Volvidon,
1507654,Volvidon Coat S,Volvidon,
1507655,Ludroth Faulds S,Ludroth,
1507656,Ludroth Coat S,Ludroth,
1507657,Ludroth Tassets R,Ludroth,
1507658,Ludroth Coat R,Ludroth,
1507699,Malfestio Faulds S,Malfestio,
1507700,Malfestio Coat S,Malfestio,
1507701,Zamtrios Faulds,Zamtrios,
1507702,Zamtrios Coat,Zamtrios,
1507703,Khezu Tassets S,Khezu,
1507704,Khezu Coat S,Khezu,
1507705,Khezu Tassets R,Khezu,
1507706,Khezu Coat R,Khezu,
1507707,Rathian Faulds S,Rathian,
1507708,Rathian Coat S,Rathian,
1507709,EX Rathian Faulds,Rathian,
1507710,EX Rathian Coat,Rathian,
1507711,Rathian Faulds R,Rathian,
1507712,Rathian Coat R,Rathian,
1507713,Nibelsnarf Faulds S,Nibelsnarf,
1507714,Nibelsnarf Coat S,Nibelsnarf,
1507717,Blango Tassets S,Blango,
1507718,Blango Coat S,Blango,
1507719,EX Blango Tassets,Blango,
1507720,EX Blango Coat,Blango,
1507721,Lavasioth Tassets,Lavasioth,
1507722,Lavasioth Coat,Lavasioth,
1507723,EX Lavasioth Tassets,Lavasioth,
1507724,EX Lavasioth Coat,Lavasioth,
1507725,Ceanataur Tassets S,Ceanataur,
1507726,Ceanataur Coat S,Ceanataur,
1507727,EX Ceanataur Tassets,Ceanataur,
1507728,EX Ceanataur Coat,Ceanataur,
1507729,Ceanataur Tassets R,Ceanataur,
1507730,Ceanataur Coat R,Ceanataur,
1507731,Najarala Faulds S,Najarala,
1507732,Najarala Coat S,Najarala,
1507733,Nargacuga Tassets S,Nargacuga,
1507734,Nargacuga Coat S,Nargacuga,
1507738,Uragaan Faulds S,Uragaan,
1507739,Uragaan Coat S,Uragaan,
1507772,Seltas Faulds,Seltas,
1507773,Seltas Coat,Seltas,
1507774,Rathalos Faulds S,Rathalos,
1507775,Rathalos Coat S,Rathalos,
1507776,EX Rathalos Faulds,Rathalos,
1507777,EX Rathalos Coat,Rathalos,
1507778,Rathalos Faulds R,Rathalos,
1507779,Rathalos Coat R,Rathalos,
1507780,Lagiacrus Faulds S,Lagiacrus,
1507781,Lagiacrus Coat S,Lagiacrus,
1507782,Lagiacrus Faulds R,Lagiacrus,
1507783,Lagiacrus Coat R,Lagiacrus,
1507784,Zinogre Faulds S,Zinogre,
1507785,Zinogre Coat S,Zinogre,
1507786,EX Zinogre Faulds,Zinogre,
1507787,EX Zinogre Coat,Zinogre,
1507788,Mizutsune Faulds S,Mizutsune,
1507789,Mizutsune Coat S,Mizutsune,
1507790,Astalos Faulds S,Astalos,
1507791,Astalos Coat S,Astalos,
1507792,Gammoth Faulds S,Gammoth,
1507793,Gammoth Coat S,Gammoth,
1507794,Glavenus Faulds S,Glavenus,
1507795,Glavenus Coat S,Glavenus,
1507796,Agnaktor Faulds,Agnaktor,
1507797,Agnaktor Coat,Agnaktor,
1507806,Duramboros Faulds,Duramboros,
1507807,Duramboros Coat,Duramboros,
1507808,Tigrex Tassets S,Tigrex,
1507809,Tigrex Coat S,Tigrex,
1507810,EX Tigrex Tassets,Tigrex,
1507811,EX Tigrex Coat,Tigrex,
1507812,Tigrex Tassets R,Tigrex,
1507813,Tigrex Coat R,Tigrex,
1507814,Kirin Hoop S,Kirin,
1507815,Kirin Shorts S,Kirin,
1507816,Kirin Hoop R,Kirin,
1507817,Kirin Shorts R,Kirin,
1507818,Brachydios Faulds S,Brachydios,
1507819,Brachydios Coat S,Brachydios,
1507820,EX Brachydios Faulds,Brachydios,
1507821,EX Brachydios Coat,Brachydios,
1507870,EX Rathian Faulds S,Rathian,
1507871,EX Rathian Coat S,Rathian,
1507872,EX Rathalos Faulds S,Rathalos,
1507873,EX Rathalos Coat S,Rathalos,
1507874,EX Tigrex Coil S,Tigrex,
1507875,EX Tigrex Coat S,Tigrex,
1507918,Akantor Cincture,Akantor,
1507919,Akantor Sash,Akantor,
1507920,Akantor Cincture R,Akantor,
1507921,Akantor Sash R,Akantor,
1507922,Ukanlos Cincture,Ukanlos,
1507923,Ukanlos Sash,Ukanlos,
1508046,Conga Tassets,Conga,
1508047,Conga Coat,Conga,
1508050,Barroth Faulds,Barroth,
1508051,Barroth Coat,Barroth,
1508052,Basarios Tassets,Basarios,
1508053,Basarios Coat,Basarios,
1508054,Nerscylla Faulds,Nerscylla,
1508055,Nerscylla Coat,Nerscylla,
1508056,Barioth Faulds,Barioth,
1508057,Barioth Coat,Barioth,
1508058,Gravios Tassets,Gravios,
1508059,Gravios Coat,Gravios,
1508066,Diablos Coil,Diablos,
1508067,Diablos Coat,Diablos,
1508068,Diablos Coil R,Diablos,
1508069,Diablos Coat R,Diablos,
1508070,Valstrax Faulds,Valstrax,
1508071,Valstrax Coat,Valstrax,
1508097,Remobra Belt X,Remobra,
1508098,Remobra Band X,Remobra,
1508101,Mosswine Hip X,Mosswine,
1508102,Rhenoplos Coil X,Rhenoplos,
1508103,Rhenoplos Coat X,Rhenoplos,
1508104,Jaggi Faulds X,Jaggi,
1508105,Jaggi Coat X,Jaggi,
1508110,Uroktor Tassets X,Uroktor,
1508111,Uroktor Coat X,Uroktor,
1508112,Maccao Faulds X,Maccao,
1508113,Maccao Coat X,Maccao,
1508114,Velociprey Tassets X,Velociprey,
1508115,Velociprey Coat X,Velociprey,
1508116,Giaprey Faulds X,Giaprey,
1508117,Giaprey Coat X,Giaprey,
1508118,Genprey Tassets X,Genprey,
1508119,Genprey Coat X,Genprey,
1508120,Ioprey Tassets X,Ioprey,
1508121,Ioprey Coat X,Ioprey,
1508122,Vespoid Tassets X,Vespoid,
1508123,Vespoid Coat X,Vespoid,
1508124,Hornetaur Tassets X,Hornetaur,
1508125,Hornetaur Coat X,Hornetaur,
1508126,Bnahabra Coil X,Bnahabra,
1508127,Bnahabra Coat X,Bnahabra,
1508130,Bulldrome Faulds X,Bulldrome,
1508131,Bulldrome Coat X,Bulldrome,
1508133,Arzuros Faulds X,Arzuros,
1508134,Arzuros Coat X,Arzuros,
1508135,Cephalos Tassets X,Cephalos,
1508136,Cephalos Coat X,Cephalos,
1508141,Lagombi Faulds X,Lagombi,
1508142,Lagombi Coat X,Lagombi,
1508143,Gypceros Tassets X,Gypceros,
1508144,Gypceros Coat X,Gypceros,
1508145,Tetsucabra Faulds X,Tetsucabra,
1508146,Tetsucabra Coat X,Tetsucabra,
1508147,Hermitaur Tassets X,Hermitaur,
1508148,Hermitaur Coat X,Hermitaur,
1508149,Ludroth Faulds X,Ludroth,
1508150,Ludroth Coat X,Ludroth,
1508155,Moofah Coil X,Moofah,
1508156,Moofah Coat X,Moofah,
1508169,Volvidon Faulds X,Volvidon,
1508170,Volvidon Coat X,Volvidon,
1508171,Conga Tassets X,Conga,
1508172,Conga Coat X,Conga,
1508173,Barroth Faulds X,Barroth,
1508174,Barroth Coat X,Barroth,
1508175,Basarios Tassets X,Basarios,
1508176,Basarios Coat X,Basarios,
1508177,Malfestio Faulds X,Malfestio,
1508178,Malfestio Coat X,Malfestio,
1508179,Zamtrios Faulds X,Zamtrios,
1508180,Zamtrios Coat X,Zamtrios,
1508181,Khezu Tassets X,Khezu,
1508182,Khezu Coat X,Khezu,
1508183,Nerscylla Faulds X,Nerscylla,
1508184,Nerscylla Coat X,Nerscylla,
1508185,Rathian Faulds X,Rathian,
1508186,Rathian Coat X,Rathian,
1508187,Nibelsnarf Faulds X,Nibelsnarf,
1508188,Nibelsnarf Coat X,Nibelsnarf,
1508191,Blango Tassets X,Blango,
1508192,Blango Coat X,Blango,
1508193,Ceanataur Tassets X,Ceanataur,
1508194,Ceanataur Coat X,Ceanataur,
1508195,Najarala Faulds X,Najarala,
1508196,Najarala Coat X,Najarala,
1508197,Nargacuga Faulds X,Nargacuga,
1508198,Nargacuga Coat X,Nargacuga,
1508199,Gypceros Tassets XR,Gypceros,
1508200,Gypceros Coat XR,Gypceros,
1508201,Hermitaur Tassets XR,Hermitaur,
1508202,Hermitaur Coat XR,Hermitaur,
1508203,Ludroth Faulds XR,Ludroth,
1508204,Ludroth Coat XR,Ludroth,
1508218,Conga Tassets GX,Conga,
1508219,Conga Coat GX,Conga,
1508228,Khezu Tassets XR,Khezu,
1508229,Khezu Coat XR,Khezu,
1508230,Ceanataur Tassets XR,Ceanataur,
1508231,Ceanataur Coat XR,Ceanataur,
1508232,Rathian Faulds XR,Rathian,
1508233,Rathian Coat XR,Rathian,
1508238,Uragaan Faulds X,Uragaan,
1508239,Uragaan Coat X,Uragaan,
1508240,Barioth Faulds X,Barioth,
1508241,Barioth Coat X,Barioth,
1508242,Seltas Faulds X,Seltas,
1508243,Seltas Coat X,Seltas,
1508244,Rathalos Faulds X,Rathalos,
1508245,Rathalos Coat X,Rathalos,
1508246,Lagiacrus Faulds X,Lagiacrus,
1508247,Lagiacrus Coat X,Lagiacrus,
1508248,Zinogre Faulds X,Zinogre,
1508249,Zinogre Coat X,Zinogre,
1508250,Gravios Tassets X,Gravios,
1508251,Gravios Coat X,Gravios,
1508252,Mizutsune Faulds X,Mizutsune,
1508253,Mizutsune Coat X,Mizutsune,
1508254,Astalos Faulds X,Astalos,
1508255,Astalos Coat X,Astalos,
1508256,Gammoth Faulds X,Gammoth,
1508257,Gammoth Coat X,Gammoth,
1508258,Glavenus Faulds X,Glavenus,
1508259,Glavenus Coat X,Glavenus,
1508262,Kirin Hoop X,Kirin,
1508263,Kirin Shorts X,Kirin,
1508264,Kirin Hoop XR,Kirin,
1508265,Kirin Shorts XR,Kirin,
1508288,Rathalos Faulds XR,Rathalos,
1508289,Rathalos Coat XR,Rathalos,
1508290,Lagiacrus Faulds XR,Lagiacrus,
1508291,Lagiacrus Coat XR,Lagiacrus,
1508294,Agnaktor Faulds X,Agnaktor,
1508295,Agnaktor Coat X,Agnaktor,
1508298,Duramboros Faulds X,Duramboros,
1508299,Duramboros Coat X,Duramboros,
1508300,Tigrex Tassets X,Tigrex,
1508301,Tigrex Coat X,Tigrex,
1508302,Tigrex Tassets XR,Tigrex,
1508303,Tigrex Coat XR,Tigrex,
1508304,Diablos Coil X,Diablos,
1508305,Diablos Coat X,Diablos,
1508306,Diablos Coil XR,Diablos,
1508307,Diablos Coat XR,Diablos,
1508308,Brachydios Faulds X,Brachydios,
1508309,Brachydios Coat X,Brachydios,
1508318,Valstrax Faulds X,Valstrax,
1508319,Valstrax Coat X,Valstrax,
1508382,Akantor Cincture X,Akantor,
1508383,Akantor Sash X,Akantor,
1508384,Akantor Cincture XR,Akantor,
1508385,Akantor Sash XR,Akantor,
1508386,Ukanlos Cincture X,Ukanlos,
1508387,Ukanlos Sash X,Ukanlos,
1508402,Fatalis Crimsonbarbs,Fatalis,
1508403,Fatalis Crimsonscale,Fatalis,
1508404,GX Fatalis Crimsonbarbs,Fatalis,
1508405,GX Fatalis Crimsonscale,Fatalis,
1508406,Fatalis Crimsonbarbs XR,Fatalis,
1508407,Fatalis Crimsonscale XR,Fatalis,
1508408,Old Fatalis Spine,Fatalis,
1508409,Old Fatalis Scale,Fatalis,
1508410,GX Old Fatalis Spine,Fatalis,
1508411,GX Old Fatalis Scale,Fatalis,
1508450,Genprey Tassets GX,Genprey,
1508451,Genprey Coat GX,Genprey,
1508452,Ioprey Tassets GX,Ioprey,
1508453,Ioprey Coat GX,Ioprey,
1508454,Vespoid Tassets GX,Vespoid,
1508455,Vespoid Coat GX,Vespoid,
1508456,Hornetaur Tassets XR,Hornetaur,
1508457,Hornetaur Coat XR,Hornetaur,
1508458,Hornetaur Tassets GX,Hornetaur,
1508459,Hornetaur Coat GX,Hornetaur,
1508460,Cephalos Tassets GX,Cephalos,
1508461,Cephalos Coat GX,Cephalos,
1508462,Hermitaur Tassets GX,Hermitaur,
1508463,Hermitaur Coat GX,Hermitaur,
1508464,Rathian Faulds GX,Rathian,
1508465,Rathian Coat GX,Rathian,
1508466,Ceanataur Tassets GX,Ceanataur,
1508467,Ceanataur Coat GX,Ceanataur,
1508468,Blango Tassets GX,Blango,
1508469,Blango Coat GX,Blango,
1508472,Zinogre Faulds GX,Zinogre,
1508473,Zinogre Coat GX,Zinogre,
1508474,Tigrex Tassets GX,Tigrex,
1508475,Tigrex Coat GX,Tigrex,
1508476,Brachydios Faulds GX,Brachydios,
1508477,Brachydios Coat GX,Brachydios,
1508478,Rathalos Faulds GX,Rathalos,
1508479,Rathalos Coat GX,Rathalos,
1508490,Lavasioth Tassets GX,Lavasioth,
1508491,Lavasioth Coat GX,Lavasioth,
1572883,Maccao Shinguards,Maccao,
1572884,Maccao Boots,Maccao,
1572885,Jaggi Shinguards,Jaggi,
1572886,Jaggi Boots,Jaggi,
1572887,Jaggi Greaves,Jaggi,
1572888,Jaggi Leggings,Jaggi,
1572889,Maccao Greaves,Maccao,
1572890,Maccao Leggings,Maccao,
1572891,Velociprey Greaves,Velociprey,
1572892,Velociprey Leggings,Velociprey,
1572893,Giaprey Greaves,Giaprey,
1572894,Giaprey Leggings,Giaprey,
1572895,Genprey Greaves,Genprey,
1572896,Genprey Leggings,Genprey,
1572897,Vespoid Greaves,Vespoid,
1572898,Vespoid Leggings,Vespoid,
1572899,Hornetaur Greaves,Hornetaur,
1572900,Hornetaur Leggings,Hornetaur,
1572901,Bnahabra Boots,Bnahabra,
1572902,Bnahabra Pants,Bnahabra,
1572905,Mosswine Feet,Mosswine,
1572906,Rhenoplos Greaves,Rhenoplos,
1572907,Rhenoplos Leggings,Rhenoplos,
1572908,Bulldrome Greaves,Bulldrome,
1572909,Bulldrome Leggings,Bulldrome,
1572911,Arzuros Greaves,Arzuros,
1572912,Arzuros Leggings,Arzuros,
1572913,Cephalos Greaves,Cephalos,
1572914,Cephalos Leggings,Cephalos,
1572957,Velociprey Feet,Velociprey,
1572958,Velociprey Tights,Velociprey,
1572959,Genprey Feet,Genprey,
1572960,Genprey Tights,Genprey,
1572961,Ioprey Feet,Ioprey,
1572962,Ioprey Tights,Ioprey,
1572963,Remobra Feet,Remobra,
1572964,Remobra Tights,Remobra,
1572965,Ioprey Greaves,Ioprey,
1572966,Ioprey Leggings,Ioprey,
1572969,Lagombi Greaves,Lagombi,
1572970,Lagombi Leggings,Lagombi,
1572971,Gypceros Greaves,Gypceros,
1572972,Gypceros Leggings,Gypceros,
1572973,Tetsucabra Greaves,Tetsucabra,
1572974,Tetsucabra Leggings,Tetsucabra,
1572975,Hermitaur Greaves,Hermitaur,
1572976,Hermitaur Leggings,Hermitaur,
1572977,Volvidon Greaves,Volvidon,
1572978,Volvidon Leggings,Volvidon,
1572979,Ludroth Greaves,Ludroth,
1572980,Ludroth Leggings,Ludroth,
1572981,Malfestio Greaves,Malfestio,
1572982,Malfestio Leggings,Malfestio,
1572983,Khezu Greaves,Khezu,
1572984,Khezu Leggings,Khezu,
1572985,Rathian Greaves,Rathian,
1572986,Rathian Leggings,Rathian,
1572987,Nibelsnarf Greaves,Nibelsnarf,
1572988,Nibelsnarf Leggings,Nibelsnarf,
1572989,Blango Greaves,Blango,
1572990,Blango Leggings,Blango,
1572991,Ceanataur Greaves,Ceanataur,
1572992,Ceanataur Leggings,Ceanataur,
1572993,Najarala Greaves,Najarala,
1572994,Najarala Leggings,Najarala,
1572995,Nargacuga Greaves,Nargacuga,
1572996,Nargacuga Leggings,Nargacuga,
1573012,Uragaan Greaves,Uragaan,
1573013,Uragaan Leggings,Uragaan,
1573014,Rathalos Greaves,Rathalos,
1573015,Rathalos Leggings,Rathalos,
1573016,Lagiacrus Greaves,Lagiacrus,
1573017,Lagiacrus Leggings,Lagiacrus,
1573018,Zinogre Greaves,Zinogre,
1573019,Zinogre Leggings,Zinogre,
1573020,Mizutsune Greaves,Mizutsune,
1573021,Mizutsune Leggings,Mizutsune,
1573022,Astalos Greaves,Astalos,
1573023,Astalos Leggings,Astalos,
1573024,Gammoth Greaves,Gammoth,
1573025,Gammoth Leggings,Gammoth,
1573026,Glavenus Greaves,Glavenus,
1573027,Glavenus Leggings,Glavenus,
1573032,Tigrex Greaves,Tigrex,
1573033,Tigrex Leggings,Tigrex,
1573034,Kirin Leg Guards,Kirin,
1573035,Kirin Boots,Kirin,
1573036,Brachydios Greaves,Brachydios,
1573037,Brachydios Leggings,Brachydios,
1573111,Velociprey Feet S,Velociprey,
1573112,Velociprey Tights S,Velociprey,
1573113,Genprey Feet S,Genprey,
1573114,Genprey Tights S,Genprey,
1573115,Ioprey Feet S,Ioprey,
1573116,Ioprey Tights S,Ioprey,
1573117,Remobra Feet S,Remobra,
1573118,Remobra Tights S,Remobra,
1573121,Maccao Shinguards S,Maccao,
1573122,Maccao Boots S,Maccao,
1573123,Jaggi Shinguards S,Jaggi,
1573124,Jaggi Boots S,Jaggi,
1573125,Mosswine Feet S,Mosswine,
1573126,Rhenoplos Greaves S,Rhenoplos,
1573127,Rhenoplos Leggings S,Rhenoplos,
1573128,Jaggi Greaves S,Jaggi,
1573129,Jaggi Leggings S,Jaggi,
1573134,Maccao Greaves S,Maccao,
1573135,Maccao Leggings S,Maccao,
1573136,Velociprey Greaves S,Velociprey,
1573137,Velociprey Leggings S,Velociprey,
1573138,Giaprey Greaves S,Giaprey,
1573139,Giaprey Leggings S,Giaprey,
1573140,Genprey Greaves S,Genprey,
1573141,Genprey Leggings S,Genprey,
1573142,EX Genprey Greaves,Genprey,
1573143,EX Genprey Leggings,Genprey,
1573144,Ioprey Greaves S,Ioprey,
1573145,Ioprey Leggings S,Ioprey,
1573146,EX Ioprey Greaves,Ioprey,
1573147,EX Ioprey Leggings,Ioprey,
1573148,Vespoid Greaves S,Vespoid,
1573149,Vespoid Leggings S,Vespoid,
1573150,EX Vespoid Greaves,Vespoid,
1573151,EX Vespoid Leggings,Vespoid,
1573152,Hornetaur Greaves S,Hornetaur,
1573153,Hornetaur Leggings S,Hornetaur,
1573154,EX Hornetaur Greaves,Hornetaur,
1573155,EX Hornetaur Leggings,Hornetaur,
1573156,Hornetaur Greaves R,Hornetaur,
1573157,Hornetaur Leggings R,Hornetaur,
1573158,Bnahabra Boots S,Bnahabra,
1573159,Bnahabra Pants S,Bnahabra,
1573162,Bulldrome Greaves S,Bulldrome,
1573163,Bulldrome Leggings S,Bulldrome,
1573165,Arzuros Greaves S,Arzuros,
1573166,Arzuros Leggings S,Arzuros,
1573167,Cephalos Greaves S,Cephalos,
1573168,Cephalos Leggings S,Cephalos,
1573169,EX Cephalos Greaves,Cephalos,
1573170,EX Cephalos Leggings,Cephalos,
1573175,Lagombi Greaves S,Lagombi,
1573176,Lagombi Leggings S,Lagombi,
1573177,Gypceros Greaves S,Gypceros,
1573178,Gypceros Leggings S,Gypceros,
1573179,Gypceros Greaves R,Gypceros,
1573180,Gypceros Leggings R,Gypceros,
1573181,Tetsucabra Greaves S,Tetsucabra,
1573182,Tetsucabra Leggings S,Tetsucabra,
1573183,Hermitaur Greaves S,Hermitaur,
1573184,Hermitaur Leggings S,Hermitaur,
1573185,EX Hermitaur Greaves,Hermitaur,
1573186,EX Hermitaur Leggings,Hermitaur,
1573187,Hermitaur Greaves R,Hermitaur,
1573188,Hermitaur Leggings R,Hermitaur,
1573189,Volvidon Greaves S,Volvidon,
1573190,Volvidon Leggings S,Volvidon,
1573191,Ludroth Greaves S,Ludroth,
1573192,Ludroth Leggings S,Ludroth,
1573193,Ludroth Greaves R,Ludroth,
1573194,Ludroth Leggings R,Ludroth,
1573235,Malfestio Greaves S,Malfestio,
1573236,Malfestio Leggings S,Malfestio,
1573237,Zamtrios Greaves,Zamtrios,
1573238,Zamtrios Leggings,Zamtrios,
1573239,Khezu Greaves S,Khezu,
1573240,Khezu Leggings S,Khezu,
1573241,Khezu Greaves R,Khezu,
1573242,Khezu Leggings R,Khezu,
1573243,Rathian Greaves S,Rathian,
1573244,Rathian Leggings S,Rathian,
1573245,EX Rathian Greaves,Rathian,
1573246,EX Rathian Leggings,Rathian,
1573247,Rathian Greaves R,Rathian,
1573248,Rathian Leggings R,Rathian,
1573249,Nibelsnarf Greaves S,Nibelsnarf,
1573250,Nibelsnarf Leggings S,Nibelsnarf,
1573251,Plesioth Greaves,Plesioth,
1573252,Plesioth Leggings,Plesioth,
1573253,Blango Greaves S,Blango,
1573254,Blango Leggings S,Blango,
1573255,EX Blango Greaves,Blango,
1573256,EX Blango Leggings,Blango,
1573257,Lavasioth Greaves,Lavasioth,
1573258,Lavasioth Leggings,Lavasioth,
1573259,EX Lavasioth Greaves,Lavasioth,
1573260,EX Lavasioth Leggings,Lavasioth,
1573261,Ceanataur Greaves S,Ceanataur,
1573262,Ceanataur Leggings S,Ceanataur,
1573263,EX Ceanataur Greaves,Ceanataur,
1573264,EX Ceanataur Leggings,Ceanataur,
1573265,Ceanataur Greaves R,Ceanataur,
1573266,Ceanataur Leggings R,Ceanataur,
1573267,Najarala Greaves S,Najarala,
1573268,Najarala Leggings S,Najarala,
1573269,Nargacuga Greaves S,Nargacuga,
1573270,Nargacuga Leggings S,Nargacuga,
1573274,Uragaan Greaves S,Uragaan,
1573275,Uragaan Leggings S,Uragaan,
1573308,Seltas Greaves,Seltas,
1573309,Seltas Leggings,Seltas,
1573310,Rathalos Greaves S,Rathalos,
1573311,Rathalos Leggings S,Rathalos,
1573312,EX Rathalos Greaves,Rathalos,
1573313,EX Rathalos Leggings,Rathalos,
1573314,Rathalos Greaves R,Rathalos,
1573315,Rathalos Leggings R,Rathalos,
1573316,Lagiacrus Greaves S,Lagiacrus,
1573317,Lagiacrus Leggings S,Lagiacrus,
1573318,Lagiacrus Greaves R,Lagiacrus,
1573319,Lagiacrus Leggings R,Lagiacrus,
1573320,Zinogre Greaves S,Zinogre,
1573321,Zinogre Leggings S,Zinogre,
1573322,EX Zinogre Greaves,Zinogre,
1573323,EX Zinogre Leggings,Zinogre,
1573324,Mizutsune Greaves S,Mizutsune,
1573325,Mizutsune Leggings S,Mizutsune,
1573326,Astalos Greaves S,Astalos,
1573327,Astalos Leggings S,Astalos,
1573328,Gammoth Greaves S,Gammoth,
1573329,Gammoth Leggings S,Gammoth,
1573330,Glavenus Greaves S,Glavenus,
1573331,Glavenus Leggings S,Glavenus,
1573332,Agnaktor Greaves,Agnaktor,
1573333,Agnaktor Leggings,Agnaktor,
1573342,Duramboros Greaves,Duramboros,
1573343,Duramboros Leggings,Duramboros,
1573344,Tigrex Greaves S,Tigrex,
1573345,Tigrex Leggings S,Tigrex,
1573346,EX Tigrex Greaves,Tigrex,
1573347,EX Tigrex Leggings,Tigrex,
1573348,Tigrex Greaves R,Tigrex,
1573349,Tigrex Leggings R,Tigrex,
1573350,Kirin Leg Guards S,Kirin,
1573351,Kirin Boots S,Kirin,
1573352,Kirin Leg Guards R,Kirin,
1573353,Kirin Boots R,Kirin,
1573354,Brachydios Greaves S,Brachydios,
1573356,EX Brachydios Greaves,Brachydios,
1573357,EX Brachydios Leggings,Brachydios,
1573406,EX Rathian Greaves S,Rathian,
1573407,EX Rathian Leggings S,Rathian,
1573408,EX Rathalos Greaves S,Rathalos,
1573409,EX Rathalos Leggings S,Rathalos,
1573410,EX Tigrex Greaves S,Tigrex,
1573411,EX Tigrex Leggings S,Tigrex,
1573454,Akantor Hessian,Akantor,
1573455,Akantor Boots,Akantor,
1573456,Akantor Hessian R,Akantor,
1573457,Akantor Boots R,Akantor,
1573458,Ukanlos Hessian,Ukanlos,
1573459,Ukanlos Boots,Ukanlos,
1573582,Conga Greaves,Conga,
1573583,Conga Leggings,Conga,
1573584,Giaprey Feet,Giaprey,
1573585,Giaprey Tights,Giaprey,
1573586,Barroth Greaves,Barroth,
1573587,Barroth Leggings,Barroth,
1573588,Basarios Greaves,Basarios,
1573589,Basarios Leggings,Basarios,
1573590,Nerscylla Greaves,Nerscylla,
1573591,Nerscylla Leggings,Nerscylla,
1573592,Barioth Greaves,Barioth,
1573593,Barioth Leggings,Barioth,
1573594,Gravios Greaves,Gravios,
1573595,Gravios Leggings,Gravios,
1573602,Diablos Greaves,Diablos,
1573603,Diablos Leggings,Diablos,
1573604,Diablos Greaves R,Diablos,
1573605,Diablos Leggings R,Diablos,
1573606,Valstrax Greaves,Valstrax,
1573607,Valstrax Leggings,Valstrax,
1573627,Velociprey Feet X,Velociprey,
1573628,Velociprey Tights X,Velociprey,
1573629,Genprey Feet X,Genprey,
1573630,Genprey Tights X,Genprey,
1573631,Ioprey Feet X,Ioprey,
1573632,Ioprey Tights X,Ioprey,
1573633,Remobra Feet X,Remobra,
1573634,Remobra Tights X,Remobra,
1573637,Mosswine Feet X,Mosswine,
1573638,Rhenoplos Greaves X,Rhenoplos,
1573639,Rhenoplos Leggings X,Rhenoplos,
1573640,Jaggi Greaves X,Jaggi,
1573641,Jaggi Leggings X,Jaggi,
1573648,Maccao Greaves X,Maccao,
1573649,Maccao Leggings X,Maccao,
1573650,Velociprey Greaves X,Velociprey,
1573651,Velociprey Leggings X,Velociprey,
1573652,Giaprey Greaves X,Giaprey,
1573653,Giaprey Leggings X,Giaprey,
1573654,Genprey Greaves X,Genprey,
1573655,Genprey Leggings X,Genprey,
1573656,Ioprey Greaves X,Ioprey,
1573657,Ioprey Leggings X,Ioprey,
1573658,Vespoid Greaves X,Vespoid,
1573659,Vespoid Leggings X,Vespoid,
1573660,Hornetaur Greaves X,Hornetaur,
1573661,Hornetaur Leggings X,Hornetaur,
1573662,Bnahabra Boots X,Bnahabra,
1573663,Bnahabra Pants X,Bnahabra,
1573666,Bulldrome Greaves X,Bulldrome,
1573667,Bulldrome Leggings X,Bulldrome,
1573669,Arzuros Greaves X,Arzuros,
1573670,Arzuros Leggings X,Arzuros,
1573671,Cephalos Greaves X,Cephalos,
1573672,Cephalos Leggings X,Cephalos,
1573677,Lagombi Greaves X,Lagombi,
1573678,Lagombi Leggings X,Lagombi,
1573679,Gypceros Greaves X,Gypceros,
1573680,Gypceros Leggings X,Gypceros,
1573681,Tetsucabra Greaves X,Tetsucabra,
1573682,Tetsucabra Leggings X,Tetsucabra,
1573683,Hermitaur Greaves X,Hermitaur,
1573684,Hermitaur Leggings X,Hermitaur,
1573685,Ludroth Greaves X,Ludroth,
1573686,Ludroth Leggings X,Ludroth,
1573705,Volvidon Greaves X,Volvidon,
1573706,Volvidon Leggings X,Volvidon,
1573707,Conga Greaves X,Conga,
1573708,Conga Leggings X,Conga,
1573709,Barroth Greaves X,Barroth,
1573710,Barroth Leggings X,Barroth,
1573711,Basarios Greaves X,Basarios,
1573712,Basarios Leggings X,Basarios,
1573713,Malfestio Greaves X,Malfestio,
1573714,Malfestio Leggings X,Malfestio,
1573715,Zamtrios Greaves X,Zamtrios,
1573716,Zamtrios Leggings X,Zamtrios,
1573717,Khezu Greaves X,Khezu,
1573718,Khezu Leggings X,Khezu,
1573719,Nerscylla Greaves X,Nerscylla,
1573720,Nerscylla Leggings X,Nerscylla,
1573721,Rathian Greaves X,Rathian,
1573722,Rathian Leggings X,Rathian,
1573723,Nibelsnarf Greaves X,Nibelsnarf,
1573724,Nibelsnarf Leggings X,Nibelsnarf,
1573725,Plesioth Greaves X,Plesioth,
1573726,Plesioth Leggings X,Plesioth,
1573727,Blango Greaves X,Blango,
1573728,Blango Leggings X,Blango,
1573729,Ceanataur Greaves X,Ceanataur,
1573730,Ceanataur Leggings X,Ceanataur,
1573731,Najarala Greaves X,Najarala,
1573732,Najarala Leggings X,Najarala,
1573733,Nargacuga Greaves X,Nargacuga,
1573734,Nargacuga Leggings X,Nargacuga,
1573735,Gypceros Greaves XR,Gypceros,
1573736,Gypceros Leggings XR,Gypceros,
1573737,Hermitaur Greaves XR,Hermitaur,
1573738,Hermitaur Leggings XR,Hermitaur,
1573739,Ludroth Greaves XR,Ludroth,
1573740,Ludroth Leggings XR,Ludroth,
1573754,Conga Greaves GX,Conga,
1573755,Conga Leggings GX,Conga,
1573764,Khezu Greaves XR,Khezu,
1573765,Khezu Leggings XR,Khezu,
1573766,Ceanataur Greaves XR,Ceanataur,
1573767,Ceanataur Leggings XR,Ceanataur,
1573768,Rathian Greaves XR,Rathian,
1573769,Rathian Leggings XR,Rathian,
1573774,Uragaan Greaves X,Uragaan,
1573775,Uragaan Leggings X,Uragaan,
1573776,Barioth Greaves X,Barioth,
1573777,Barioth Leggings X,Barioth,
1573778,Seltas Greaves X,Seltas,
1573779,Seltas Leggings X,Seltas,
1573780,Rathalos Greaves X,Rathalos,
1573781,Rathalos Leggings X,Rathalos,
1573782,Lagiacrus Greaves X,Lagiacrus,
1573783,Lagiacrus Leggings X,Lagiacrus,
1573784,Zinogre Greaves X,Zinogre,
1573785,Zinogre Leggings X,Zinogre,
1573786,Gravios Greaves X,Gravios,
1573787,Gravios Leggings X,Gravios,
1573788,Mizutsune Greaves X,Mizutsune,
1573789,Mizutsune Leggings X,Mizutsune,
1573790,Astalos Greaves X,Astalos,
1573791,Astalos Leggings X,Astalos,
1573792,Gammoth Greaves X,Gammoth,
1573793,Gammoth Leggings X,Gammoth,
1573794,Glavenus Greaves X,Glavenus,
1573795,Glavenus Leggings X,Glavenus,
1573798,Kirin Leg Guards X,Kirin,
1573799,Kirin Boots X,Kirin,
1573800,Kirin Leg Guards XR,Kirin,
1573801,Kirin Boots XR,Kirin,
1573824,Rathalos Greaves XR,Rathalos,
1573825,Rathalos Leggings XR,Rathalos,
1573826,Lagiacrus Greaves XR,Lagiacrus,
1573827,Lagiacrus Leggings XR,Lagiacrus,
1573830,Agnaktor Greaves X,Agnaktor,
1573831,Agnaktor Leggings X,Agnaktor,
1573834,Duramboros Greaves X,Duramboros,
1573835,Duramboros Leggings X,Duramboros,
1573836,Tigrex Greaves X,Tigrex,
1573837,Tigrex Leggings X,Tigrex,
1573838,Tigrex Greaves XR,Tigrex,
1573839,Tigrex Leggings XR,Tigrex,
1573840,Diablos Greaves X,Diablos,
1573841,Diablos Leggings X,Diablos,
1573842,Diablos Greaves XR,Diablos,
1573843,Diablos Leggings XR,Diablos,
1573844,Brachydios Greaves X,Brachydios,
1573845,Brachydios Leggings X,Brachydios,
1573854,Valstrax Greaves X,Valstrax,
1573855,Valstrax Leggings X,Valstrax,
1573918,Akantor Hessian X,Akantor,
1573919,Akantor Boots X,Akantor,
1573920,Akantor Hessian XR,Akantor,
1573921,Akantor Boots XR,Akantor,
1573922,Ukanlos Hessian X,Ukanlos,
1573923,Ukanlos Boots X,Ukanlos,
1573938,Fatalis Crimsonfeet,Fatalis,
1573939,Fatalis Crimsonlegs,Fatalis,
1573940,GX Fatalis Crimsonfeet,Fatalis,
1573941,GX Fatalis Crimsonlegs,Fatalis,
1573942,Fatalis Crimsonfeet XR,Fatalis,
1573943,Fatalis Crimsonlegs XR,Fatalis,
1573944,Old Fatalis Feet,Fatalis,
1573945,Old Fatalis Legs,Fatalis,
1573946,GX Old Fatalis Feet,Fatalis,
1573947,GX Old Fatalis Legs,Fatalis,
1573986,Genprey Greaves GX,Genprey,
1573987,Genprey Leggings GX,Genprey,
1573988,Ioprey Greaves GX,Ioprey,
1573989,Ioprey Leggings GX,Ioprey,
1573990,Vespoid Greaves GX,Vespoid,
1573991,Vespoid Leggings GX,Vespoid,
1573992,Hornetaur Greaves XR,Hornetaur,
1573993,Hornetaur Leggings XR,Hornetaur,
1573994,Hornetaur Greaves GX,Hornetaur,
1573995,Hornetaur Leggings GX,Hornetaur,
1573996,Cephalos Greaves GX,Cephalos,
1573997,Cephalos Leggings GX,Cephalos,
1573998,Hermitaur Greaves GX,Hermitaur,
1573999,Hermitaur Leggings GX,Hermitaur,
1574000,Rathian Greaves GX,Rathian,
1574001,Rathian Leggings GX,Rathian,
1574002,Ceanataur Greaves GX,Ceanataur,
1574003,Ceanataur Leggings GX,Ceanataur,
1574004,Blango Greaves GX,Blango,
1574005,Blango Leggings GX,Blango,
1574008,Zinogre Greaves GX,Zinogre,
1574009,Zinogre Leggings GX,Zinogre,
1574010,Tigrex Greaves GX,Tigrex,
1574011,Tigrex Leggings GX,Tigrex,
1574012,Brachydios Greaves GX,Brachydios,
1574013,Brachydios Leggings GX,Brachydios,
1574014,Rathalos Greaves GX,Rathalos,
1574015,Rathalos Leggings GX,Rathalos,
1574026,Lavasioth Greaves GX,Lavasioth,
1574027,Lavasioth Leggings GX,Lavasioth,
1574105,Giaprey Feet X,Giaprey,
1574106,Giaprey Tights X,Giaprey,
1574111,Maccao Shinguards X,Maccao,
1574112,Maccao Boots X,Maccao,
1574113,Jaggi Shinguards X,Jaggi,
1574114,Jaggi Boots X,Jaggi,
